-- INSERCIONES A ESPECTADORES
INSERT INTO espectador (idespectador, nombre, paterno, materno, fechanacimiento, genero, horaingreso, horasalida) VALUES
(1, 'Juan', 'Pérez', 'García', '1990-05-15', 'M', '10:00:00', '18:00:00'),
(2, 'María', 'López', 'Martínez', '1995-08-20', 'F', '11:00:00', '17:00:00'),
(3, 'Carlos', 'Rodríguez', 'Sánchez', '1988-03-10', 'M', '09:30:00', '19:00:00'),
(4, 'Ana', 'Hernández', 'Ramírez', '1992-12-05', 'F', '10:15:00', '16:30:00'),
(5, 'Luis', 'González', 'Torres', '1987-07-22', 'M', '11:30:00', '18:45:00'),
(6, 'Laura', 'Martínez', 'Flores', '1993-09-18', 'F', '09:00:00', '17:30:00'),
(7, 'Pedro', 'Sánchez', 'Morales', '1991-04-25', 'M', '10:45:00', '19:00:00'),
(8, 'Carmen', 'Ramírez', 'Castro', '1989-11-30', 'F', '12:00:00', '18:15:00'),
(9, 'Miguel', 'Torres', 'Ortiz', '1994-06-12', 'M', '09:15:00', '16:45:00'),
(10, 'Isabel', 'Flores', 'Ruiz', '1996-02-08', 'F', '11:45:00', '19:00:00'),
(11, 'José', 'Morales', 'Jiménez', '1985-10-17', 'M', '10:30:00', '17:00:00'),
(12, 'Rosa', 'Castro', 'Mendoza', '1997-01-22', 'F', '12:15:00', '18:30:00'),
(13, 'Antonio', 'Ortiz', 'Vargas', '1986-08-09', 'M', '09:45:00', '16:15:00'),
(14, 'Elena', 'Ruiz', 'Herrera', '1998-05-14', 'F', '11:00:00', '17:45:00'),
(15, 'Francisco', 'Jiménez', 'Medina', '1984-12-28', 'M', '10:00:00', '18:00:00'),
(16, 'Patricia', 'Mendoza', 'Guzmán', '1999-03-19', 'F', '12:30:00', '19:00:00'),
(17, 'Rafael', 'Vargas', 'Romero', '1983-07-05', 'M', '09:30:00', '17:15:00'),
(18, 'Lucía', 'Herrera', 'Silva', '2000-09-23', 'F', '11:15:00', '18:45:00'),
(19, 'Fernando', 'Medina', 'Reyes', '1982-04-11', 'M', '10:45:00', '16:30:00'),
(20, 'Marta', 'Guzmán', 'Vega', '2001-06-07', 'F', '12:00:00', '19:00:00'),
(21, 'Diego', 'Romero', 'Campos', '1990-11-15', 'M', '09:00:00', '17:30:00'),
(22, 'Sofía', 'Silva', 'Cruz', '1995-02-28', 'F', '11:30:00', '18:15:00'),
(23, 'Javier', 'Reyes', 'Paredes', '1988-08-03', 'M', '10:15:00', '16:45:00'),
(24, 'Andrea', 'Vega', 'Navarro', '1992-12-19', 'F', '12:45:00', '19:00:00'),
(25, 'Ricardo', 'Campos', 'Aguilar', '1987-05-26', 'M', '09:15:00', '17:00:00'),
(26, 'Daniela', 'Cruz', 'Salazar', '1993-10-12', 'F', '11:00:00', '18:30:00'),
(27, 'Alberto', 'Paredes', 'Cortés', '1991-03-08', 'M', '10:30:00', '16:15:00'),
(28, 'Gabriela', 'Navarro', 'Peña', '1989-07-21', 'F', '12:15:00', '19:00:00'),
(29, 'Sergio', 'Aguilar', 'Guerrero', '1994-01-17', 'M', '09:45:00', '17:45:00'),
(30, 'Valentina', 'Salazar', 'Ríos', '1996-06-04', 'F', '11:45:00', '18:00:00'),
(31, 'Raúl', 'Cortés', 'Domínguez', '1985-09-29', 'M', '10:00:00', '16:30:00'),
(32, 'Natalia', 'Peña', 'León', '1997-04-13', 'F', '12:30:00', '19:00:00'),
(33, 'Gustavo', 'Guerrero', 'Alvarado', '1986-11-25', 'M', '09:30:00', '17:15:00'),
(34, 'Camila', 'Ríos', 'Molina', '1998-02-16', 'F', '11:15:00', '18:45:00'),
(35, 'Adrián', 'Domínguez', 'Ibarra', '1984-08-01', 'M', '10:45:00', '16:45:00'),
(36, 'Paola', 'León', 'Carrillo', '1999-12-09', 'F', '12:00:00', '19:00:00'),
(37, 'Héctor', 'Alvarado', 'Vázquez', '1983-05-22', 'M', '09:00:00', '17:30:00'),
(38, 'Cristina', 'Molina', 'Pacheco', '2000-10-06', 'F', '11:30:00', '18:15:00'),
(39, 'Rodrigo', 'Ibarra', 'Fuentes', '1982-03-14', 'M', '10:15:00', '16:30:00'),
(40, 'Alejandra', 'Carrillo', 'Núñez', '2001-07-28', 'F', '12:45:00', '19:00:00'),
(41, 'Marcos', 'Vázquez', 'Ramos', '1990-01-11', 'M', '09:15:00', '17:00:00'),
(42, 'Victoria', 'Pacheco', 'Santana', '1995-06-24', 'F', '11:00:00', '18:30:00'),
(43, 'Óscar', 'Fuentes', 'Lara', '1988-11-07', 'M', '10:30:00', '16:15:00'),
(44, 'Diana', 'Núñez', 'Escobar', '1992-04-19', 'F', '12:15:00', '19:00:00'),
(45, 'Rubén', 'Ramos', 'Montoya', '1987-09-02', 'M', '09:45:00', '17:45:00'),
(46, 'Julia', 'Santana', 'Cabrera', '1993-02-15', 'F', '11:45:00', '18:00:00'),
(47, 'Ernesto', 'Lara', 'Delgado', '1991-07-31', 'M', '10:00:00', '16:30:00'),
(48, 'Silvia', 'Escobar', 'Zamora', '1989-12-23', 'F', '12:30:00', '19:00:00'),
(49, 'Ignacio', 'Montoya', 'Cervantes', '1994-05-08', 'M', '09:30:00', '17:15:00'),
(50, 'Lorena', 'Cabrera', 'Venegas', '1996-10-20', 'F', '11:15:00', '18:45:00'),
(51, 'Manuel', 'Delgado', 'Ochoa', '1985-03-05', 'M', '10:45:00', '16:45:00'),
(52, 'Beatriz', 'Zamora', 'Parra', '1997-08-18', 'F', '12:00:00', '19:00:00'),
(53, 'Arturo', 'Cervantes', 'Solís', '1986-01-27', 'M', '09:00:00', '17:30:00'),
(54, 'Claudia', 'Venegas', 'Montes', '1998-06-10', 'F', '11:30:00', '18:15:00'),
(55, 'Enrique', 'Ochoa', 'Duarte', '1984-11-14', 'M', '10:15:00', '16:30:00'),
(56, 'Mariana', 'Parra', 'Bravo', '1999-04-03', 'F', '12:45:00', '19:00:00'),
(57, 'Ramón', 'Solís', 'Villarreal', '1983-09-26', 'M', '09:15:00', '17:00:00'),
(58, 'Verónica', 'Montes', 'Sandoval', '2000-02-08', 'F', '11:00:00', '18:30:00'),
(59, 'Tomás', 'Duarte', 'Gallegos', '1982-07-19', 'M', '10:30:00', '16:15:00'),
(60, 'Sandra', 'Bravo', 'Arellano', '2001-12-01', 'F', '12:15:00', '19:00:00'),
(61, 'Guillermo', 'Villarreal', 'Cárdenas', '1990-05-14', 'M', '09:45:00', '17:45:00'),
(62, 'Mónica', 'Sandoval', 'Mejía', '1995-10-27', 'F', '11:45:00', '18:00:00'),
(63, 'Alfredo', 'Gallegos', 'Valencia', '1988-03-12', 'M', '10:00:00', '16:30:00'),
(64, 'Carolina', 'Arellano', 'Soto', '1992-08-25', 'F', '12:30:00', '19:00:00'),
(65, 'Armando', 'Cárdenas', 'Rivas', '1987-01-08', 'M', '09:30:00', '17:15:00'),
(66, 'Gloria', 'Mejía', 'Téllez', '1993-06-21', 'F', '11:15:00', '18:45:00'),
(67, 'Felipe', 'Valencia', 'Estrada', '1991-11-04', 'M', '10:45:00', '16:45:00'),
(68, 'Adriana', 'Soto', 'Camacho', '1989-04-17', 'F', '12:00:00', '19:00:00'),
(69, 'Mauricio', 'Rivas', 'Benavides', '1994-09-30', 'M', '09:00:00', '17:30:00'),
(70, 'Irene', 'Téllez', 'Quintero', '1996-02-12', 'F', '11:30:00', '18:15:00'),
(71, 'Víctor', 'Estrada', 'Valdés', '1985-07-26', 'M', '10:15:00', '16:30:00'),
(72, 'Susana', 'Camacho', 'Rojas', '1997-12-09', 'F', '12:45:00', '19:00:00'),
(73, 'Germán', 'Benavides', 'Miranda', '1986-05-22', 'M', '09:15:00', '17:00:00'),
(74, 'Teresa', 'Quintero', 'Vidal', '1998-10-05', 'F', '11:00:00', '18:30:00'),
(75, 'Esteban', 'Valdés', 'Tapia', '1984-03-18', 'M', '10:30:00', '16:15:00'),
(76, 'Rocío', 'Rojas', 'Barrera', '1999-08-01', 'F', '12:15:00', '19:00:00'),
(77, 'Salvador', 'Miranda', 'Acosta', '1983-01-14', 'M', '09:45:00', '17:45:00'),
(78, 'Fernanda', 'Vidal', 'Marín', '2000-06-27', 'F', '11:45:00', '18:00:00'),
(79, 'Gerardo', 'Tapia', 'Ávila', '1982-11-10', 'M', '10:00:00', '16:30:00'),
(80, 'Amparo', 'Barrera', 'Gil', '2001-04-23', 'F', '12:30:00', '19:00:00'),
(81, 'Lorenzo', 'Acosta', 'Hinojosa', '1990-09-06', 'M', '09:30:00', '17:15:00'),
(82, 'Yolanda', 'Marín', 'Porras', '1995-02-19', 'F', '11:15:00', '18:45:00'),
(83, 'Emilio', 'Ávila', 'Trejo', '1988-07-03', 'M', '10:45:00', '16:45:00'),
(84, 'Lidia', 'Gil', 'Espinoza', '1992-12-16', 'F', '12:00:00', '19:00:00'),
(85, 'Gonzalo', 'Hinojosa', 'Luna', '1987-05-29', 'M', '09:00:00', '17:30:00'),
(86, 'Pilar', 'Porras', 'Contreras', '1993-10-12', 'F', '11:30:00', '18:15:00'),
(87, 'Jesús', 'Trejo', 'Mendez', '1991-03-26', 'M', '10:15:00', '16:30:00'),
(88, 'Alicia', 'Espinoza', 'Salas', '1989-08-08', 'F', '12:45:00', '19:00:00'),
(89, 'Ángel', 'Luna', 'Garza', '1994-01-21', 'M', '09:15:00', '17:00:00'),
(90, 'Dolores', 'Contreras', 'Mora', '1996-06-04', 'F', '11:00:00', '18:30:00'),
(91, 'Iván', 'Mendez', 'Pedroza', '1985-11-17', 'M', '10:30:00', '16:15:00'),
(92, 'Mercedes', 'Salas', 'Figueroa', '1997-04-30', 'F', '12:15:00', '19:00:00'),
(93, 'Pablo', 'Garza', 'Rangel', '1986-09-13', 'M', '09:45:00', '17:45:00'),
(94, 'Guadalupe', 'Mora', 'Urquiza', '1998-02-25', 'F', '11:45:00', '18:00:00'),
(95, 'Julio', 'Pedroza', 'Zárate', '1984-07-09', 'M', '10:00:00', '16:30:00'),
(96, 'Concepción', 'Figueroa', 'Nava', '1999-12-22', 'F', '12:30:00', '19:00:00'),
(97, 'César', 'Rangel', 'Elizondo', '1983-05-05', 'M', '09:30:00', '17:15:00'),
(98, 'Josefina', 'Urquiza', 'Trujillo', '2000-10-18', 'F', '11:15:00', '18:45:00'),
(99, 'Orlando', 'Zárate', 'Aguirre', '1982-03-02', 'M', '10:45:00', '16:45:00'),
(100, 'Angélica', 'Nava', 'Palacios', '2001-08-15', 'F', '12:00:00', '19:00:00'),
(101, 'Andrés', 'Ruiz', 'Solano', '1991-03-15', 'M', '09:00:00', '17:30:00'),
(102, 'Brenda', 'Campos', 'Ochoa', '1994-07-22', 'F', '10:30:00', '18:00:00'),
(103, 'César', 'Vega', 'Ponce', '1989-11-08', 'M', '11:00:00', '19:00:00'),
(104, 'Daniela', 'Mora', 'Salgado', '1996-02-14', 'F', '09:15:00', '16:45:00'),
(105, 'Eduardo', 'Silva', 'Arce', '1987-06-30', 'M', '12:00:00', '18:30:00'),
(106, 'Fabiola', 'Reyes', 'Bautista', '1993-09-17', 'F', '10:00:00', '17:00:00'),
(107, 'Gabriel', 'Torres', 'Carvajal', '1990-12-25', 'M', '11:30:00', '19:00:00'),
(108, 'Helena', 'Castro', 'Dávila', '1995-04-11', 'F', '09:30:00', '16:30:00'),
(109, 'Iván', 'Ortiz', 'Espejo', '1988-08-28', 'M', '12:15:00', '18:45:00'),
(110, 'Jimena', 'Ramírez', 'Félix', '1992-01-19', 'F', '10:45:00', '17:15:00'),
(111, 'Kevin', 'Mendoza', 'Galindo', '1986-05-06', 'M', '11:15:00', '19:00:00'),
(112, 'Lorena', 'Vargas', 'Huerta', '1997-10-23', 'F', '09:45:00', '16:00:00'),
(113, 'Mario', 'Herrera', 'Ibarra', '1991-02-09', 'M', '12:30:00', '18:15:00'),
(114, 'Nadia', 'Medina', 'Jaramillo', '1994-06-16', 'F', '10:15:00', '17:45:00'),
(115, 'Omar', 'Guzmán', 'Kuri', '1989-11-02', 'M', '11:45:00', '19:00:00'),
(116, 'Pamela', 'Romero', 'Lagos', '1996-03-20', 'F', '09:00:00', '16:30:00'),
(117, 'Quintín', 'Luna', 'Maldonado', '1987-07-07', 'M', '12:00:00', '18:00:00'),
(118, 'Rocío', 'Paredes', 'Noriega', '1993-12-14', 'F', '10:30:00', '17:30:00'),
(119, 'Samuel', 'Navarro', 'Orozco', '1990-04-01', 'M', '11:00:00', '19:00:00'),
(120, 'Tatiana', 'Aguilar', 'Padilla', '1995-08-18', 'F', '09:15:00', '16:45:00'),
(121, 'Ulises', 'Salazar', 'Quiroz', '1988-01-25', 'M', '12:15:00', '18:30:00'),
(122, 'Valeria', 'Cortés', 'Ríos', '1992-05-12', 'F', '10:00:00', '17:00:00'),
(123, 'Walter', 'Peña', 'Sandoval', '1986-09-29', 'M', '11:30:00', '19:00:00'),
(124, 'Ximena', 'Guerrero', 'Téllez', '1997-02-05', 'F', '09:30:00', '16:30:00'),
(125, 'Yahir', 'Ríos', 'Uribe', '1991-06-22', 'M', '12:00:00', '18:45:00'),
(126, 'Zoe', 'Domínguez', 'Valdez', '1994-10-09', 'F', '10:45:00', '17:15:00'),
(127, 'Axel', 'León', 'Villa', '1989-03-26', 'M', '11:15:00', '19:00:00'),
(128, 'Bianca', 'Alvarado', 'Wences', '1996-07-13', 'F', '09:45:00', '16:00:00'),
(129, 'Cristian', 'Molina', 'Xicotencatl', '1987-11-30', 'M', '12:30:00', '18:15:00'),
(130, 'Danna', 'Ibarra', 'Yáñez', '1993-04-17', 'F', '10:15:00', '17:45:00'),
(131, 'Emiliano', 'Carrillo', 'Zavala', '1990-08-04', 'M', '11:45:00', '19:00:00'),
(132, 'Frida', 'Vázquez', 'Aranda', '1995-12-21', 'F', '09:00:00', '16:30:00'),
(133, 'Gael', 'Pacheco', 'Briones', '1988-05-08', 'M', '12:00:00', '18:00:00'),
(134, 'Abril', 'Fuentes', 'Cisneros', '1992-09-25', 'F', '10:30:00', '17:30:00'),
(135, 'Hugo', 'Núñez', 'Duran', '1986-02-10', 'M', '11:00:00', '19:00:00'),
(136, 'Isabella', 'Ramos', 'Escalante', '1997-06-27', 'F', '09:15:00', '16:45:00'),
(137, 'Joel', 'Santana', 'Fonseca', '1991-10-14', 'M', '12:15:00', '18:30:00'),
(138, 'Karla', 'Lara', 'Garduño', '1994-03-01', 'F', '10:00:00', '17:00:00'),
(139, 'Leonardo', 'Escobar', 'Hinojosa', '1989-07-18', 'M', '11:30:00', '19:00:00'),
(140, 'Melissa', 'Montoya', 'Islas', '1996-11-05', 'F', '09:30:00', '16:30:00'),
(141, 'Nicolás', 'Cabrera', 'Juárez', '1987-04-22', 'M', '12:00:00', '18:45:00'),
(142, 'Olivia', 'Delgado', 'Karam', '1993-08-09', 'F', '10:45:00', '17:15:00'),
(143, 'Pablo', 'Zamora', 'Leal', '1990-12-26', 'M', '11:15:00', '19:00:00'),
(144, 'Regina', 'Cervantes', 'Macías', '1995-05-13', 'F', '09:45:00', '16:00:00'),
(145, 'Sebastián', 'Venegas', 'Nava', '1988-09-30', 'M', '12:30:00', '18:15:00'),
(146, 'Tamara', 'Ochoa', 'Oliva', '1992-02-16', 'F', '10:15:00', '17:45:00'),
(147, 'Uriel', 'Parra', 'Peralta', '1986-06-03', 'M', '11:45:00', '19:00:00'),
(148, 'Vanessa', 'Solís', 'Quintana', '1997-10-20', 'F', '09:00:00', '16:30:00'),
(149, 'Xavier', 'Montes', 'Robledo', '1991-03-07', 'M', '12:00:00', '18:00:00'),
(150, 'Yaretzi', 'Duarte', 'Sánchez', '1994-07-24', 'F', '10:30:00', '17:30:00');

-- INSERCIONES A ALIMENTOS
insert into Alimento (IdAlimento, Nombre, Perecedero, FechaCaducidad, PrecioSinIVA) values (1, 'Duck - Legs', false, '2026-08-08', 278.16);
insert into Alimento (IdAlimento, Nombre, Perecedero, FechaCaducidad, PrecioSinIVA) values (2, 'Wine - Sogrape Mateus Rose', true, '2026-01-07', 2027.89);
insert into Alimento (IdAlimento, Nombre, Perecedero, FechaCaducidad, PrecioSinIVA) values (3, 'Ginger - Ground', false, '2026-05-04', 2043.28);
insert into Alimento (IdAlimento, Nombre, Perecedero, FechaCaducidad, PrecioSinIVA) values (4, 'C - Plus, Orange', false, '2026-07-22', 2176.97);
insert into Alimento (IdAlimento, Nombre, Perecedero, FechaCaducidad, PrecioSinIVA) values (5, 'Cheese - Grana Padano', true, '2026-07-06', 2612.16);
insert into Alimento (IdAlimento, Nombre, Perecedero, FechaCaducidad, PrecioSinIVA) values (6, 'Barley - Pearl', true, '2026-02-12', 2499.16);
insert into Alimento (IdAlimento, Nombre, Perecedero, FechaCaducidad, PrecioSinIVA) values (7, 'Cheese - Cottage Cheese', true, '2026-06-15', 1137.6);
insert into Alimento (IdAlimento, Nombre, Perecedero, FechaCaducidad, PrecioSinIVA) values (8, 'Wine - Chateau Bonnet', true, '2026-01-25', 712.57);
insert into Alimento (IdAlimento, Nombre, Perecedero, FechaCaducidad, PrecioSinIVA) values (9, 'Pasta - Fett Alfredo, Single Serve', false, '2026-02-19', 1568.18);
insert into Alimento (IdAlimento, Nombre, Perecedero, FechaCaducidad, PrecioSinIVA) values (10, 'Dry Ice', false, '2026-03-19', 394.32);
insert into Alimento (IdAlimento, Nombre, Perecedero, FechaCaducidad, PrecioSinIVA) values (11, 'V8 Splash Strawberry Kiwi', false, '2026-09-06', 1667.35);
insert into Alimento (IdAlimento, Nombre, Perecedero, FechaCaducidad, PrecioSinIVA) values (12, 'Bread Crumbs - Panko', false, '2026-05-13', 1706.56);
insert into Alimento (IdAlimento, Nombre, Perecedero, FechaCaducidad, PrecioSinIVA) values (13, 'Grapes - Green', true, '2026-05-16', 2128.72);
insert into Alimento (IdAlimento, Nombre, Perecedero, FechaCaducidad, PrecioSinIVA) values (14, 'Squid - Tubes / Tenticles 10/20', false, '2026-02-23', 2717.18);
insert into Alimento (IdAlimento, Nombre, Perecedero, FechaCaducidad, PrecioSinIVA) values (15, 'Bamboo Shoots - Sliced', false, '2026-04-25', 1036.97);
insert into Alimento (IdAlimento, Nombre, Perecedero, FechaCaducidad, PrecioSinIVA) values (16, 'Cod - Black Whole Fillet', true, '2026-11-21', 2930.03);
insert into Alimento (IdAlimento, Nombre, Perecedero, FechaCaducidad, PrecioSinIVA) values (17, 'Wild Boar - Tenderloin', true, '2026-04-30', 2903.0);
insert into Alimento (IdAlimento, Nombre, Perecedero, FechaCaducidad, PrecioSinIVA) values (18, 'Crackers - Melba Toast', false, '2026-03-05', 966.47);
insert into Alimento (IdAlimento, Nombre, Perecedero, FechaCaducidad, PrecioSinIVA) values (19, 'Jack Daniels', false, '2026-10-03', 976.95);
insert into Alimento (IdAlimento, Nombre, Perecedero, FechaCaducidad, PrecioSinIVA) values (20, 'Wine - Champagne Brut Veuve', false, '2026-11-22', 922.43);
insert into Alimento (IdAlimento, Nombre, Perecedero, FechaCaducidad, PrecioSinIVA) values (21, 'Basil - Seedlings Cookstown', false, '2026-06-09', 361.6);
insert into Alimento (IdAlimento, Nombre, Perecedero, FechaCaducidad, PrecioSinIVA) values (22, 'Crackers - Trio', false, '2026-10-06', 1568.93);
insert into Alimento (IdAlimento, Nombre, Perecedero, FechaCaducidad, PrecioSinIVA) values (23, 'Pastry - Baked Cinnamon Stick', true, '2026-08-30', 430.41);
insert into Alimento (IdAlimento, Nombre, Perecedero, FechaCaducidad, PrecioSinIVA) values (24, 'Soup V8 Roasted Red Pepper', false, '2026-05-08', 1585.66);
insert into Alimento (IdAlimento, Nombre, Perecedero, FechaCaducidad, PrecioSinIVA) values (25, 'Table Cloth 62x114 Colour', true, '2026-03-21', 2155.26);
insert into Alimento (IdAlimento, Nombre, Perecedero, FechaCaducidad, PrecioSinIVA) values (26, 'Veal - Provimi Inside', true, '2026-01-08', 2985.03);
insert into Alimento (IdAlimento, Nombre, Perecedero, FechaCaducidad, PrecioSinIVA) values (27, 'Nut - Hazelnut, Whole', false, '2026-04-24', 2803.37);
insert into Alimento (IdAlimento, Nombre, Perecedero, FechaCaducidad, PrecioSinIVA) values (28, 'Croissant, Raw - Mini', false, '2026-03-20', 302.25);
insert into Alimento (IdAlimento, Nombre, Perecedero, FechaCaducidad, PrecioSinIVA) values (29, 'Chicken - Tenderloin', true, '2026-03-30', 2042.46);
insert into Alimento (IdAlimento, Nombre, Perecedero, FechaCaducidad, PrecioSinIVA) values (30, 'Pastry - Choclate Baked', false, '2026-05-21', 2181.06);
insert into Alimento (IdAlimento, Nombre, Perecedero, FechaCaducidad, PrecioSinIVA) values (31, 'Chick Peas - Canned', false, '2026-02-11', 1493.58);
insert into Alimento (IdAlimento, Nombre, Perecedero, FechaCaducidad, PrecioSinIVA) values (32, 'Nestea - Iced Tea', false, '2026-12-24', 1217.41);
insert into Alimento (IdAlimento, Nombre, Perecedero, FechaCaducidad, PrecioSinIVA) values (33, 'Cheese - Brick With Onion', true, '2026-02-18', 2601.85);
insert into Alimento (IdAlimento, Nombre, Perecedero, FechaCaducidad, PrecioSinIVA) values (34, 'Red Pepper Paste', true, '2026-04-16', 1386.45);
insert into Alimento (IdAlimento, Nombre, Perecedero, FechaCaducidad, PrecioSinIVA) values (35, 'Flavouring - Raspberry', false, '2026-08-02', 1768.68);
insert into Alimento (IdAlimento, Nombre, Perecedero, FechaCaducidad, PrecioSinIVA) values (36, 'Oil - Pumpkinseed', true, '2026-10-10', 1040.91);
insert into Alimento (IdAlimento, Nombre, Perecedero, FechaCaducidad, PrecioSinIVA) values (37, 'Rice - Long Grain', true, '2026-09-10', 1625.5);
insert into Alimento (IdAlimento, Nombre, Perecedero, FechaCaducidad, PrecioSinIVA) values (38, 'Wine - Piper Heidsieck Brut', false, '2026-08-26', 1661.67);
insert into Alimento (IdAlimento, Nombre, Perecedero, FechaCaducidad, PrecioSinIVA) values (39, 'Sea Urchin', true, '2026-09-22', 1579.92);
insert into Alimento (IdAlimento, Nombre, Perecedero, FechaCaducidad, PrecioSinIVA) values (40, 'Ham - Virginia', false, '2026-02-10', 1581.22);
insert into Alimento (IdAlimento, Nombre, Perecedero, FechaCaducidad, PrecioSinIVA) values (41, 'Rhubarb', false, '2026-08-13', 1101.1);
insert into Alimento (IdAlimento, Nombre, Perecedero, FechaCaducidad, PrecioSinIVA) values (42, 'Pepper - Black, Whole', false, '2026-10-26', 2720.6);
insert into Alimento (IdAlimento, Nombre, Perecedero, FechaCaducidad, PrecioSinIVA) values (43, 'Pepper - Cayenne', false, '2026-02-05', 744.98);
insert into Alimento (IdAlimento, Nombre, Perecedero, FechaCaducidad, PrecioSinIVA) values (44, 'Roe - Lump Fish, Black', true, '2026-01-06', 2602.67);
insert into Alimento (IdAlimento, Nombre, Perecedero, FechaCaducidad, PrecioSinIVA) values (45, 'Bread - Calabrese Baguette', true, '2026-06-24', 60.14);
insert into Alimento (IdAlimento, Nombre, Perecedero, FechaCaducidad, PrecioSinIVA) values (46, 'Scallops - U - 10', true, '2026-06-13', 2024.52);
insert into Alimento (IdAlimento, Nombre, Perecedero, FechaCaducidad, PrecioSinIVA) values (47, 'Rice Pilaf, Dry,package', true, '2026-03-12', 983.35);
insert into Alimento (IdAlimento, Nombre, Perecedero, FechaCaducidad, PrecioSinIVA) values (48, 'Lettuce - Sea / Sea Asparagus', false, '2026-03-09', 2441.94);
insert into Alimento (IdAlimento, Nombre, Perecedero, FechaCaducidad, PrecioSinIVA) values (49, 'Pasta - Canelloni', false, '2026-04-05', 623.67);
insert into Alimento (IdAlimento, Nombre, Perecedero, FechaCaducidad, PrecioSinIVA) values (50, 'Gingerale - Diet - Schweppes', true, '2026-01-14', 66.37);
insert into Alimento (IdAlimento, Nombre, Perecedero, FechaCaducidad, PrecioSinIVA) values (51, 'White Fish - Filets', false, '2026-08-26', 1595.8);
insert into Alimento (IdAlimento, Nombre, Perecedero, FechaCaducidad, PrecioSinIVA) values (52, 'Chicken - White Meat With Tender', true, '2026-05-31', 2045.15);
insert into Alimento (IdAlimento, Nombre, Perecedero, FechaCaducidad, PrecioSinIVA) values (53, 'Jack Daniels', false, '2026-04-16', 1741.97);
insert into Alimento (IdAlimento, Nombre, Perecedero, FechaCaducidad, PrecioSinIVA) values (54, 'Seabream Whole Farmed', true, '2026-06-14', 906.11);
insert into Alimento (IdAlimento, Nombre, Perecedero, FechaCaducidad, PrecioSinIVA) values (55, 'Truffle Cups - Red', false, '2026-02-21', 1576.25);
insert into Alimento (IdAlimento, Nombre, Perecedero, FechaCaducidad, PrecioSinIVA) values (56, 'Tomatillo', true, '2026-09-27', 28.56);
insert into Alimento (IdAlimento, Nombre, Perecedero, FechaCaducidad, PrecioSinIVA) values (57, 'Wine - Masi Valpolocell', true, '2026-04-16', 387.41);
insert into Alimento (IdAlimento, Nombre, Perecedero, FechaCaducidad, PrecioSinIVA) values (58, 'Chips - Miss Vickies', true, '2026-06-28', 1967.7);
insert into Alimento (IdAlimento, Nombre, Perecedero, FechaCaducidad, PrecioSinIVA) values (59, 'Cafe Royale', true, '2026-12-15', 422.97);
insert into Alimento (IdAlimento, Nombre, Perecedero, FechaCaducidad, PrecioSinIVA) values (60, 'Star Anise, Whole', true, '2026-05-13', 2685.39);
insert into Alimento (IdAlimento, Nombre, Perecedero, FechaCaducidad, PrecioSinIVA) values (61, 'Pepper - Chipotle, Canned', true, '2026-04-12', 2215.84);
insert into Alimento (IdAlimento, Nombre, Perecedero, FechaCaducidad, PrecioSinIVA) values (62, 'Ecolab Silver Fusion', false, '2026-10-13', 1979.11);
insert into Alimento (IdAlimento, Nombre, Perecedero, FechaCaducidad, PrecioSinIVA) values (63, 'Tuna - Canned, Flaked, Light', true, '2026-08-02', 524.07);
insert into Alimento (IdAlimento, Nombre, Perecedero, FechaCaducidad, PrecioSinIVA) values (64, 'Trout Rainbow Whole', true, '2026-12-04', 966.1);
insert into Alimento (IdAlimento, Nombre, Perecedero, FechaCaducidad, PrecioSinIVA) values (65, 'Muffin - Carrot Individual Wrap', true, '2026-10-18', 2981.35);
insert into Alimento (IdAlimento, Nombre, Perecedero, FechaCaducidad, PrecioSinIVA) values (66, 'Pastry - Apple Large', false, '2026-08-23', 336.77);
insert into Alimento (IdAlimento, Nombre, Perecedero, FechaCaducidad, PrecioSinIVA) values (67, 'Appetizer - Asian Shrimp Roll', false, '2026-06-23', 956.09);
insert into Alimento (IdAlimento, Nombre, Perecedero, FechaCaducidad, PrecioSinIVA) values (68, 'Bread Foccacia Whole', false, '2026-12-21', 2587.4);
insert into Alimento (IdAlimento, Nombre, Perecedero, FechaCaducidad, PrecioSinIVA) values (69, 'Apron', false, '2026-03-28', 1082.78);
insert into Alimento (IdAlimento, Nombre, Perecedero, FechaCaducidad, PrecioSinIVA) values (70, 'Mints - Striped Red', true, '2026-01-22', 142.12);
insert into Alimento (IdAlimento, Nombre, Perecedero, FechaCaducidad, PrecioSinIVA) values (71, 'Sprouts Dikon', false, '2026-07-02', 1371.99);
insert into Alimento (IdAlimento, Nombre, Perecedero, FechaCaducidad, PrecioSinIVA) values (72, 'Soup - Knorr, Chicken Noodle', false, '2026-07-02', 2471.64);
insert into Alimento (IdAlimento, Nombre, Perecedero, FechaCaducidad, PrecioSinIVA) values (73, 'Bacardi Mojito', true, '2026-10-16', 2950.54);
insert into Alimento (IdAlimento, Nombre, Perecedero, FechaCaducidad, PrecioSinIVA) values (74, 'Snapple Lemon Tea', false, '2026-09-29', 901.5);
insert into Alimento (IdAlimento, Nombre, Perecedero, FechaCaducidad, PrecioSinIVA) values (75, 'Spinach - Spinach Leaf', true, '2026-06-02', 1004.61);
insert into Alimento (IdAlimento, Nombre, Perecedero, FechaCaducidad, PrecioSinIVA) values (76, 'Pop Shoppe Cream Soda', true, '2026-10-02', 2837.18);
insert into Alimento (IdAlimento, Nombre, Perecedero, FechaCaducidad, PrecioSinIVA) values (77, 'Pork Ham Prager', true, '2026-06-20', 189.71);
insert into Alimento (IdAlimento, Nombre, Perecedero, FechaCaducidad, PrecioSinIVA) values (78, 'Mushrooms - Honey', true, '2026-11-07', 2488.43);
insert into Alimento (IdAlimento, Nombre, Perecedero, FechaCaducidad, PrecioSinIVA) values (79, 'Juice - Grape, White', false, '2026-12-28', 2408.78);
insert into Alimento (IdAlimento, Nombre, Perecedero, FechaCaducidad, PrecioSinIVA) values (80, 'Muffin Mix - Morning Glory', false, '2026-04-26', 2585.01);
insert into Alimento (IdAlimento, Nombre, Perecedero, FechaCaducidad, PrecioSinIVA) values (81, 'Soup - Cream Of Potato / Leek', false, '2026-09-30', 224.24);
insert into Alimento (IdAlimento, Nombre, Perecedero, FechaCaducidad, PrecioSinIVA) values (82, 'Bread - 10 Grain Parisian', false, '2026-06-29', 1147.36);
insert into Alimento (IdAlimento, Nombre, Perecedero, FechaCaducidad, PrecioSinIVA) values (83, 'Tea - Herbal I Love Lemon', true, '2026-03-15', 1495.09);
insert into Alimento (IdAlimento, Nombre, Perecedero, FechaCaducidad, PrecioSinIVA) values (84, 'Soup V8 Roasted Red Pepper', false, '2026-02-26', 2521.11);
insert into Alimento (IdAlimento, Nombre, Perecedero, FechaCaducidad, PrecioSinIVA) values (85, 'Cheese - Goat With Herbs', false, '2026-01-10', 1248.67);
insert into Alimento (IdAlimento, Nombre, Perecedero, FechaCaducidad, PrecioSinIVA) values (86, 'Pie Filling - Apple', true, '2026-03-04', 1187.96);
insert into Alimento (IdAlimento, Nombre, Perecedero, FechaCaducidad, PrecioSinIVA) values (87, 'Lamb - Rack', true, '2026-03-02', 516.05);
insert into Alimento (IdAlimento, Nombre, Perecedero, FechaCaducidad, PrecioSinIVA) values (88, 'Nut - Pumpkin Seeds', false, '2026-07-23', 2234.75);
insert into Alimento (IdAlimento, Nombre, Perecedero, FechaCaducidad, PrecioSinIVA) values (89, 'Bread - Petit Baguette', false, '2026-03-25', 182.95);
insert into Alimento (IdAlimento, Nombre, Perecedero, FechaCaducidad, PrecioSinIVA) values (90, 'V8 Splash Strawberry Kiwi', true, '2026-02-13', 1633.14);
insert into Alimento (IdAlimento, Nombre, Perecedero, FechaCaducidad, PrecioSinIVA) values (91, 'Soup Campbells', true, '2026-12-14', 2387.99);
insert into Alimento (IdAlimento, Nombre, Perecedero, FechaCaducidad, PrecioSinIVA) values (92, 'Paste - Black Olive', false, '2026-04-14', 455.52);
insert into Alimento (IdAlimento, Nombre, Perecedero, FechaCaducidad, PrecioSinIVA) values (93, 'Salami - Genova', true, '2026-06-03', 2028.7);
insert into Alimento (IdAlimento, Nombre, Perecedero, FechaCaducidad, PrecioSinIVA) values (94, 'Sweet Pea Sprouts', false, '2026-12-20', 161.56);
insert into Alimento (IdAlimento, Nombre, Perecedero, FechaCaducidad, PrecioSinIVA) values (95, 'Oil - Peanut', true, '2026-07-06', 1151.98);
insert into Alimento (IdAlimento, Nombre, Perecedero, FechaCaducidad, PrecioSinIVA) values (96, 'Skewers - Bamboo', true, '2026-11-03', 2529.65);
insert into Alimento (IdAlimento, Nombre, Perecedero, FechaCaducidad, PrecioSinIVA) values (97, 'Crab - Blue, Frozen', true, '2026-03-30', 1693.18);
insert into Alimento (IdAlimento, Nombre, Perecedero, FechaCaducidad, PrecioSinIVA) values (98, 'Sponge Cake Mix - Vanilla', false, '2026-01-16', 2677.29);
insert into Alimento (IdAlimento, Nombre, Perecedero, FechaCaducidad, PrecioSinIVA) values (99, 'Carrots - Mini Red Organic', true, '2026-10-03', 2366.78);
insert into Alimento (IdAlimento, Nombre, Perecedero, FechaCaducidad, PrecioSinIVA) values (100, 'Cheese - Le Cheve Noir', true, '2026-11-24', 2838.07);
insert into Alimento (IdAlimento, Nombre, Perecedero, FechaCaducidad, PrecioSinIVA) values (101, 'Island Oasis - Banana Daiquiri', false, '2026-01-22', 770.2);
insert into Alimento (IdAlimento, Nombre, Perecedero, FechaCaducidad, PrecioSinIVA) values (102, 'Wine - Chardonnay Mondavi', false, '2026-03-19', 2157.85);
insert into Alimento (IdAlimento, Nombre, Perecedero, FechaCaducidad, PrecioSinIVA) values (103, 'Wine - Redchard Merritt', true, '2026-04-23', 1944.44);
insert into Alimento (IdAlimento, Nombre, Perecedero, FechaCaducidad, PrecioSinIVA) values (104, 'Beef - Diced', false, '2026-04-15', 2579.04);
insert into Alimento (IdAlimento, Nombre, Perecedero, FechaCaducidad, PrecioSinIVA) values (105, 'Vacuum Bags 12x16', false, '2026-12-10', 2654.86);
insert into Alimento (IdAlimento, Nombre, Perecedero, FechaCaducidad, PrecioSinIVA) values (106, 'Cookie Trail Mix', false, '2026-05-03', 1492.8);
insert into Alimento (IdAlimento, Nombre, Perecedero, FechaCaducidad, PrecioSinIVA) values (107, 'Pastry - Trippleberry Muffin - Mini', true, '2026-09-13', 1655.63);
insert into Alimento (IdAlimento, Nombre, Perecedero, FechaCaducidad, PrecioSinIVA) values (108, 'Onions - Red', false, '2026-08-02', 190.62);
insert into Alimento (IdAlimento, Nombre, Perecedero, FechaCaducidad, PrecioSinIVA) values (109, 'Coffee Swiss Choc Almond', false, '2026-11-12', 132.53);
insert into Alimento (IdAlimento, Nombre, Perecedero, FechaCaducidad, PrecioSinIVA) values (110, 'Beer - Steamwhistle', false, '2026-12-12', 359.12);
insert into Alimento (IdAlimento, Nombre, Perecedero, FechaCaducidad, PrecioSinIVA) values (111, 'Mints - Striped Red', false, '2026-08-10', 1236.66);
insert into Alimento (IdAlimento, Nombre, Perecedero, FechaCaducidad, PrecioSinIVA) values (112, 'Bread - Petit Baguette', true, '2026-11-14', 475.88);
insert into Alimento (IdAlimento, Nombre, Perecedero, FechaCaducidad, PrecioSinIVA) values (113, 'Dates', true, '2026-03-22', 1353.65);
insert into Alimento (IdAlimento, Nombre, Perecedero, FechaCaducidad, PrecioSinIVA) values (114, 'Muffin - Mix - Bran And Maple 15l', true, '2026-10-18', 1451.85);
insert into Alimento (IdAlimento, Nombre, Perecedero, FechaCaducidad, PrecioSinIVA) values (115, 'Beer - Upper Canada Light', true, '2026-05-06', 1438.12);
insert into Alimento (IdAlimento, Nombre, Perecedero, FechaCaducidad, PrecioSinIVA) values (116, 'Pork - Belly Fresh', false, '2026-12-26', 598.69);
insert into Alimento (IdAlimento, Nombre, Perecedero, FechaCaducidad, PrecioSinIVA) values (117, 'Pastry - Chocolate Marble Tea', false, '2026-06-02', 2669.16);
insert into Alimento (IdAlimento, Nombre, Perecedero, FechaCaducidad, PrecioSinIVA) values (118, 'Wine - White, Riesling, Semi - Dry', false, '2026-09-29', 975.68);
insert into Alimento (IdAlimento, Nombre, Perecedero, FechaCaducidad, PrecioSinIVA) values (119, 'Tilapia - Fillets', true, '2026-07-17', 13.58);
insert into Alimento (IdAlimento, Nombre, Perecedero, FechaCaducidad, PrecioSinIVA) values (120, 'Asparagus - White, Canned', false, '2026-07-12', 1662.31);
insert into Alimento (IdAlimento, Nombre, Perecedero, FechaCaducidad, PrecioSinIVA) values (121, 'Beans - Kidney, Canned', false, '2026-08-12', 758.84);
insert into Alimento (IdAlimento, Nombre, Perecedero, FechaCaducidad, PrecioSinIVA) values (122, 'Crawfish', false, '2026-04-30', 1124.09);
insert into Alimento (IdAlimento, Nombre, Perecedero, FechaCaducidad, PrecioSinIVA) values (123, 'Foam Tray S2', true, '2026-07-03', 243.14);
insert into Alimento (IdAlimento, Nombre, Perecedero, FechaCaducidad, PrecioSinIVA) values (124, 'Muffin - Mix - Bran And Maple 15l', false, '2026-11-05', 1189.79);
insert into Alimento (IdAlimento, Nombre, Perecedero, FechaCaducidad, PrecioSinIVA) values (125, 'Juice - Lime', false, '2026-02-15', 265.11);
insert into Alimento (IdAlimento, Nombre, Perecedero, FechaCaducidad, PrecioSinIVA) values (126, 'Bread - French Baquette', false, '2026-12-27', 1663.75);
insert into Alimento (IdAlimento, Nombre, Perecedero, FechaCaducidad, PrecioSinIVA) values (127, 'Sobe - Liz Blizz', false, '2026-10-02', 1822.74);
insert into Alimento (IdAlimento, Nombre, Perecedero, FechaCaducidad, PrecioSinIVA) values (128, 'Table Cloth 72x144 White', true, '2026-09-30', 1278.04);
insert into Alimento (IdAlimento, Nombre, Perecedero, FechaCaducidad, PrecioSinIVA) values (129, 'Stock - Veal, White', false, '2026-07-27', 502.53);
insert into Alimento (IdAlimento, Nombre, Perecedero, FechaCaducidad, PrecioSinIVA) values (130, 'Knife Plastic - White', false, '2026-10-26', 2441.35);
insert into Alimento (IdAlimento, Nombre, Perecedero, FechaCaducidad, PrecioSinIVA) values (131, 'Veal - Leg, Provimi - 50 Lb Max', true, '2026-06-23', 868.09);
insert into Alimento (IdAlimento, Nombre, Perecedero, FechaCaducidad, PrecioSinIVA) values (132, 'Juice - Pineapple, 341 Ml', true, '2026-07-21', 2414.7);
insert into Alimento (IdAlimento, Nombre, Perecedero, FechaCaducidad, PrecioSinIVA) values (133, 'Curry Paste - Madras', true, '2026-03-11', 2822.01);
insert into Alimento (IdAlimento, Nombre, Perecedero, FechaCaducidad, PrecioSinIVA) values (134, 'White Baguette', false, '2026-09-19', 2520.13);
insert into Alimento (IdAlimento, Nombre, Perecedero, FechaCaducidad, PrecioSinIVA) values (135, 'Tart - Raisin And Pecan', true, '2026-01-01', 219.23);
insert into Alimento (IdAlimento, Nombre, Perecedero, FechaCaducidad, PrecioSinIVA) values (136, 'Ginger - Fresh', true, '2026-05-03', 2580.51);
insert into Alimento (IdAlimento, Nombre, Perecedero, FechaCaducidad, PrecioSinIVA) values (137, 'Foil Cont Round', true, '2026-07-12', 316.83);
insert into Alimento (IdAlimento, Nombre, Perecedero, FechaCaducidad, PrecioSinIVA) values (138, 'Five Alive Citrus', true, '2026-08-05', 2653.29);
insert into Alimento (IdAlimento, Nombre, Perecedero, FechaCaducidad, PrecioSinIVA) values (139, 'Magnotta Bel Paese Red', true, '2026-10-17', 851.75);
insert into Alimento (IdAlimento, Nombre, Perecedero, FechaCaducidad, PrecioSinIVA) values (140, 'Yucca', true, '2026-08-11', 2758.98);
insert into Alimento (IdAlimento, Nombre, Perecedero, FechaCaducidad, PrecioSinIVA) values (141, 'Coriander - Ground', false, '2026-02-27', 1329.31);
insert into Alimento (IdAlimento, Nombre, Perecedero, FechaCaducidad, PrecioSinIVA) values (142, 'Oats Large Flake', false, '2026-05-03', 711.93);
insert into Alimento (IdAlimento, Nombre, Perecedero, FechaCaducidad, PrecioSinIVA) values (143, 'Cheese - Fontina', false, '2026-01-03', 1682.24);
insert into Alimento (IdAlimento, Nombre, Perecedero, FechaCaducidad, PrecioSinIVA) values (144, 'Beer - Upper Canada Lager', true, '2026-11-18', 1836.85);
insert into Alimento (IdAlimento, Nombre, Perecedero, FechaCaducidad, PrecioSinIVA) values (145, 'Pastry - Chocolate Marble Tea', true, '2026-10-01', 2962.49);
insert into Alimento (IdAlimento, Nombre, Perecedero, FechaCaducidad, PrecioSinIVA) values (146, 'Cheese - Swiss Sliced', true, '2026-06-13', 495.5);
insert into Alimento (IdAlimento, Nombre, Perecedero, FechaCaducidad, PrecioSinIVA) values (147, 'Garbage Bags - Clear', false, '2026-01-23', 161.1);
insert into Alimento (IdAlimento, Nombre, Perecedero, FechaCaducidad, PrecioSinIVA) values (148, 'Olives - Stuffed', false, '2026-07-17', 2209.5);
insert into Alimento (IdAlimento, Nombre, Perecedero, FechaCaducidad, PrecioSinIVA) values (149, 'Dasheen', false, '2026-09-06', 1035.65);
insert into Alimento (IdAlimento, Nombre, Perecedero, FechaCaducidad, PrecioSinIVA) values (150, 'Venison - Striploin', false, '2026-01-14', 1938.81);
insert into Alimento (IdAlimento, Nombre, Perecedero, FechaCaducidad, PrecioSinIVA) values (151, 'Grenadine', false, '2026-02-15', 2497.5);
insert into Alimento (IdAlimento, Nombre, Perecedero, FechaCaducidad, PrecioSinIVA) values (152, 'Wine - Beaujolais Villages', false, '2026-06-29', 1505.52);
insert into Alimento (IdAlimento, Nombre, Perecedero, FechaCaducidad, PrecioSinIVA) values (153, 'Tomatoes - Orange', true, '2026-06-22', 1678.12);
insert into Alimento (IdAlimento, Nombre, Perecedero, FechaCaducidad, PrecioSinIVA) values (154, 'Wine - Red, Mosaic Zweigelt', false, '2026-06-01', 434.53);
insert into Alimento (IdAlimento, Nombre, Perecedero, FechaCaducidad, PrecioSinIVA) values (155, 'Soup - French Onion', false, '2026-06-26', 663.72);
insert into Alimento (IdAlimento, Nombre, Perecedero, FechaCaducidad, PrecioSinIVA) values (156, 'Transfer Sheets', false, '2026-03-13', 1553.61);
insert into Alimento (IdAlimento, Nombre, Perecedero, FechaCaducidad, PrecioSinIVA) values (157, 'Salsify, Organic', false, '2026-03-27', 1256.33);
insert into Alimento (IdAlimento, Nombre, Perecedero, FechaCaducidad, PrecioSinIVA) values (158, 'Ice Cream Bar - Hagen Daz', false, '2026-03-10', 857.01);
insert into Alimento (IdAlimento, Nombre, Perecedero, FechaCaducidad, PrecioSinIVA) values (159, 'Wine - Champagne Brut Veuve', false, '2026-11-17', 706.07);
insert into Alimento (IdAlimento, Nombre, Perecedero, FechaCaducidad, PrecioSinIVA) values (160, 'Onions - Spanish', false, '2026-02-17', 2707.43);
insert into Alimento (IdAlimento, Nombre, Perecedero, FechaCaducidad, PrecioSinIVA) values (161, 'Wine - Puligny Montrachet A.', true, '2026-07-13', 1361.62);
insert into Alimento (IdAlimento, Nombre, Perecedero, FechaCaducidad, PrecioSinIVA) values (162, 'Honey - Lavender', true, '2026-06-13', 424.93);
insert into Alimento (IdAlimento, Nombre, Perecedero, FechaCaducidad, PrecioSinIVA) values (163, 'Appetizer - Asian Shrimp Roll', true, '2026-02-08', 6.09);
insert into Alimento (IdAlimento, Nombre, Perecedero, FechaCaducidad, PrecioSinIVA) values (164, 'Wine - Fat Bastard Merlot', false, '2026-10-17', 2038.09);
insert into Alimento (IdAlimento, Nombre, Perecedero, FechaCaducidad, PrecioSinIVA) values (165, 'Wine - Riesling Alsace Ac 2001', true, '2026-08-11', 1367.83);
insert into Alimento (IdAlimento, Nombre, Perecedero, FechaCaducidad, PrecioSinIVA) values (166, 'Slt - Individual Portions', true, '2026-03-06', 840.23);
insert into Alimento (IdAlimento, Nombre, Perecedero, FechaCaducidad, PrecioSinIVA) values (167, 'Bananas', false, '2026-10-23', 311.84);
insert into Alimento (IdAlimento, Nombre, Perecedero, FechaCaducidad, PrecioSinIVA) values (168, 'Mop Head - Cotton, 24 Oz', true, '2026-06-25', 1684.36);
insert into Alimento (IdAlimento, Nombre, Perecedero, FechaCaducidad, PrecioSinIVA) values (169, 'Bread Base - Toscano', true, '2026-07-27', 158.45);
insert into Alimento (IdAlimento, Nombre, Perecedero, FechaCaducidad, PrecioSinIVA) values (170, 'Dooleys Toffee', false, '2026-11-08', 1791.88);
insert into Alimento (IdAlimento, Nombre, Perecedero, FechaCaducidad, PrecioSinIVA) values (171, 'Flour - Strong Pizza', false, '2026-06-27', 2270.71);
insert into Alimento (IdAlimento, Nombre, Perecedero, FechaCaducidad, PrecioSinIVA) values (172, 'Vodka - Hot, Lnferno', false, '2026-06-17', 2786.36);
insert into Alimento (IdAlimento, Nombre, Perecedero, FechaCaducidad, PrecioSinIVA) values (173, 'Shiratamako - Rice Flour', false, '2026-08-10', 1289.54);
insert into Alimento (IdAlimento, Nombre, Perecedero, FechaCaducidad, PrecioSinIVA) values (174, 'Trout - Hot Smkd, Dbl Fillet', false, '2026-04-06', 1181.65);
insert into Alimento (IdAlimento, Nombre, Perecedero, FechaCaducidad, PrecioSinIVA) values (175, 'Veal - Knuckle', false, '2026-10-21', 2921.14);
insert into Alimento (IdAlimento, Nombre, Perecedero, FechaCaducidad, PrecioSinIVA) values (176, 'Oil - Hazelnut', true, '2026-11-07', 542.13);
insert into Alimento (IdAlimento, Nombre, Perecedero, FechaCaducidad, PrecioSinIVA) values (177, 'Crab - Meat Combo', false, '2026-07-26', 358.62);
insert into Alimento (IdAlimento, Nombre, Perecedero, FechaCaducidad, PrecioSinIVA) values (178, 'Soup - Knorr, Veg / Beef', true, '2026-10-14', 316.58);
insert into Alimento (IdAlimento, Nombre, Perecedero, FechaCaducidad, PrecioSinIVA) values (179, 'Water, Tap', false, '2026-04-11', 1259.85);
insert into Alimento (IdAlimento, Nombre, Perecedero, FechaCaducidad, PrecioSinIVA) values (180, 'Fond - Chocolate', true, '2026-08-25', 207.71);
insert into Alimento (IdAlimento, Nombre, Perecedero, FechaCaducidad, PrecioSinIVA) values (181, 'Dill - Primerba, Paste', true, '2026-01-09', 768.48);
insert into Alimento (IdAlimento, Nombre, Perecedero, FechaCaducidad, PrecioSinIVA) values (182, 'Wine - Fat Bastard Merlot', false, '2026-06-15', 830.93);
insert into Alimento (IdAlimento, Nombre, Perecedero, FechaCaducidad, PrecioSinIVA) values (183, 'Ginger - Ground', true, '2026-08-29', 2543.28);
insert into Alimento (IdAlimento, Nombre, Perecedero, FechaCaducidad, PrecioSinIVA) values (184, 'Pepper - Black, Whole', true, '2026-12-16', 1672.86);
insert into Alimento (IdAlimento, Nombre, Perecedero, FechaCaducidad, PrecioSinIVA) values (185, 'Hummus - Spread', true, '2026-10-22', 1237.28);
insert into Alimento (IdAlimento, Nombre, Perecedero, FechaCaducidad, PrecioSinIVA) values (186, 'Nut - Chestnuts, Whole', false, '2026-12-19', 1762.51);
insert into Alimento (IdAlimento, Nombre, Perecedero, FechaCaducidad, PrecioSinIVA) values (187, 'Chicken - Whole Roasting', false, '2026-01-15', 1561.7);
insert into Alimento (IdAlimento, Nombre, Perecedero, FechaCaducidad, PrecioSinIVA) values (188, 'Otomegusa Dashi Konbu', true, '2026-04-06', 1987.8);
insert into Alimento (IdAlimento, Nombre, Perecedero, FechaCaducidad, PrecioSinIVA) values (189, 'Sole - Iqf', true, '2026-01-08', 2187.75);
insert into Alimento (IdAlimento, Nombre, Perecedero, FechaCaducidad, PrecioSinIVA) values (190, 'Turkey - Ground. Lean', false, '2026-08-25', 2871.48);
insert into Alimento (IdAlimento, Nombre, Perecedero, FechaCaducidad, PrecioSinIVA) values (191, 'Nori Sea Weed - Gold Label', true, '2026-12-24', 1154.35);
insert into Alimento (IdAlimento, Nombre, Perecedero, FechaCaducidad, PrecioSinIVA) values (192, 'Cabbage Roll', false, '2026-11-28', 1716.72);
insert into Alimento (IdAlimento, Nombre, Perecedero, FechaCaducidad, PrecioSinIVA) values (193, 'Trout - Rainbow, Fresh', true, '2026-06-08', 1286.29);
insert into Alimento (IdAlimento, Nombre, Perecedero, FechaCaducidad, PrecioSinIVA) values (194, 'Wine - Red, Marechal Foch', false, '2026-11-18', 2588.42);
insert into Alimento (IdAlimento, Nombre, Perecedero, FechaCaducidad, PrecioSinIVA) values (195, 'Ice Cream Bar - Rolo Cone', true, '2026-08-16', 1481.21);
insert into Alimento (IdAlimento, Nombre, Perecedero, FechaCaducidad, PrecioSinIVA) values (196, 'Curry Paste - Green Masala', false, '2026-06-26', 2402.48);
insert into Alimento (IdAlimento, Nombre, Perecedero, FechaCaducidad, PrecioSinIVA) values (197, 'Longos - Grilled Veg Sandwiches', false, '2026-08-04', 1214.29);
insert into Alimento (IdAlimento, Nombre, Perecedero, FechaCaducidad, PrecioSinIVA) values (198, 'Kellogs Special K Cereal', false, '2026-10-09', 2783.6);
insert into Alimento (IdAlimento, Nombre, Perecedero, FechaCaducidad, PrecioSinIVA) values (199, 'Chicken - Ground', false, '2026-07-16', 1318.22);
insert into Alimento (IdAlimento, Nombre, Perecedero, FechaCaducidad, PrecioSinIVA) values (200, 'Filter - Coffee', true, '2026-10-31', 2856.05);
insert into Alimento (IdAlimento, Nombre, Perecedero, FechaCaducidad, PrecioSinIVA) values (201, 'Yogurt - Greek Plain', true, '2025-11-30', 134.55);
insert into Alimento (IdAlimento, Nombre, Perecedero, FechaCaducidad, PrecioSinIVA) values (202, 'Cheese - Parmesan Shaved', true, '2025-11-28', 879.40);
insert into Alimento (IdAlimento, Nombre, Perecedero, FechaCaducidad, PrecioSinIVA) values (203, 'Lettuce - Romaine', true, '2025-11-22', 215.90);
insert into Alimento (IdAlimento, Nombre, Perecedero, FechaCaducidad, PrecioSinIVA) values (204, 'Tomatoes - Cherry', true, '2025-11-18', 642.13);
insert into Alimento (IdAlimento, Nombre, Perecedero, FechaCaducidad, PrecioSinIVA) values (205, 'Bread - Whole Wheat', true, '2025-11-24', 1120.75);
insert into Alimento (IdAlimento, Nombre, Perecedero, FechaCaducidad, PrecioSinIVA) values (206, 'Chicken - Breast, Boneless', true, '2025-11-29', 1986.32);
insert into Alimento (IdAlimento, Nombre, Perecedero, FechaCaducidad, PrecioSinIVA) values (207, 'Milk - 2% 1L', true, '2025-12-01', 73.44);
insert into Alimento (IdAlimento, Nombre, Perecedero, FechaCaducidad, PrecioSinIVA) values (208, 'Spinach - Baby', true, '2025-12-05', 450.67);
insert into Alimento (IdAlimento, Nombre, Perecedero, FechaCaducidad, PrecioSinIVA) values (209, 'Strawberries - Fresh', true, '2025-12-07', 1588.19);
insert into Alimento (IdAlimento, Nombre, Perecedero, FechaCaducidad, PrecioSinIVA) values (210, 'Mushroom - Portobello', true, '2025-12-09', 927.05);

-- INSERCIONES EDICIONTORENO
-- (Torneos de tipo Enfrentamiento/Pelea)
INSERT INTO EdicionTorneo (IdEdicion, NumeroEdicion, FechaEvento, Nota) VALUES
(1, 1, '2023-03-15', 'Primera edición del torneo Pokemon Go'),
(2, 2, '2023-07-20', 'Segunda edición - Verano 2023'),
(3, 3, '2024-01-10', 'Tercera edición - Inicio de año 2024'),
(4, 4, '2024-06-05', 'Cuarta edición - Mitad de año 2024'),
(5, 5, '2024-11-15', 'Quinta edición - Fin de año 2024');

-- (Torneos de tipo Captura)
insert into EdicionTorneo (IdEdicion, NumeroEdicion, FechaEvento, Nota) values (6, 6, CURRENT_DATE, 'La sexta edición del torneo');

-- INSERCIONES EDICIONTORENO (torneos de tipo Enfrentamiento/Pelea)
INSERT INTO Torneo (IdEdicion, Inicio, Final) VALUES
(1, '10:00:00', '14:00:00'),  -- IdTorneo = 1
(2, '09:00:00', '13:00:00'),  -- IdTorneo = 2
(3, '11:00:00', '15:00:00'),  -- IdTorneo = 3
(4, '10:30:00', '14:30:00'),  -- IdTorneo = 4
(5, '09:30:00', '13:30:00');  -- IdTorneo = 5

-- INSERCIONES EDICIONTORENO (torneos de tipo Captura)
insert into Torneo (IdTorneo, IdEdicion, Inicio, Final) values (101, 6, '09:00:00', '21:00:00');

-- INSERCIONES A PERSONA
    -- Personas que son empleados
insert into Persona (IdPersona, Nombre, Paterno, Materno, FechaNacimiento, Sexo) values (1, 'Nil', 'MacCosty', 'Lockitt', '1978-04-04', 'M');
insert into Persona (IdPersona, Nombre, Paterno, Materno, FechaNacimiento, Sexo) values (2, 'Amaleta', 'Van der Kruys', 'Mullord', '2000-05-15', 'F');
insert into Persona (IdPersona, Nombre, Paterno, Materno, FechaNacimiento, Sexo) values (3, 'Raviv', 'Adlard', 'Thing', '1993-10-22', 'M');
insert into Persona (IdPersona, Nombre, Paterno, Materno, FechaNacimiento, Sexo) values (4, 'Stavros', 'Evangelinos', 'Wilkennson', '2008-10-02', 'M');
insert into Persona (IdPersona, Nombre, Paterno, Materno, FechaNacimiento, Sexo) values (5, 'Haley', 'Blankenship', 'Albrooke', '1974-03-24', 'M');
insert into Persona (IdPersona, Nombre, Paterno, Materno, FechaNacimiento, Sexo) values (6, 'Tadeas', 'Belchamp', 'Ballister', '1972-05-15', 'M');
insert into Persona (IdPersona, Nombre, Paterno, Materno, FechaNacimiento, Sexo) values (7, 'Warde', 'Camocke', 'Thackston', '1968-01-10', 'M');
insert into Persona (IdPersona, Nombre, Paterno, Materno, FechaNacimiento, Sexo) values (8, 'Gaylord', 'Konzel', 'Tume', '1966-06-26', 'M');
insert into Persona (IdPersona, Nombre, Paterno, Materno, FechaNacimiento, Sexo) values (9, 'Wallie', 'McDuff', 'Horribine', '1971-10-04', 'M');
insert into Persona (IdPersona, Nombre, Paterno, Materno, FechaNacimiento, Sexo) values (10, 'Brena', 'Cassey', 'Rosenstock', '1966-11-26', 'F');
insert into Persona (IdPersona, Nombre, Paterno, Materno, FechaNacimiento, Sexo) values (11, 'Jock', 'Hallock', 'Bertram', '1998-09-06', 'M');
insert into Persona (IdPersona, Nombre, Paterno, Materno, FechaNacimiento, Sexo) values (12, 'Winny', 'Lehrahan', 'Mainstone', '1964-06-03', 'F');
insert into Persona (IdPersona, Nombre, Paterno, Materno, FechaNacimiento, Sexo) values (13, 'Bryan', 'Frapwell', 'Crowhurst', '1977-07-28', 'M');
insert into Persona (IdPersona, Nombre, Paterno, Materno, FechaNacimiento, Sexo) values (14, 'Miltie', 'Wilmott', 'Lanyon', '1992-07-10', 'M');
insert into Persona (IdPersona, Nombre, Paterno, Materno, FechaNacimiento, Sexo) values (15, 'Joshia', 'Villaret', 'Owthwaite', '1985-08-04', 'M');
insert into Persona (IdPersona, Nombre, Paterno, Materno, FechaNacimiento, Sexo) values (16, 'Robinett', 'Sussans', 'Quilliam', '1993-01-27', 'F');
insert into Persona (IdPersona, Nombre, Paterno, Materno, FechaNacimiento, Sexo) values (17, 'Franchot', 'Denis', 'Bulfield', '1992-08-21', 'M');
insert into Persona (IdPersona, Nombre, Paterno, Materno, FechaNacimiento, Sexo) values (18, 'Pacorro', 'Folkerts', 'Veltman', '1990-05-09', 'M');
insert into Persona (IdPersona, Nombre, Paterno, Materno, FechaNacimiento, Sexo) values (19, 'Krysta', 'Samudio', 'De Freyne', '1970-04-26', 'F');
insert into Persona (IdPersona, Nombre, Paterno, Materno, FechaNacimiento, Sexo) values (20, 'Pier', 'Kenforth', 'Doxey', '1963-07-20', 'F');
insert into Persona (IdPersona, Nombre, Paterno, Materno, FechaNacimiento, Sexo) values (21, 'Ches', 'Blowne', 'Sleney', '1966-05-29', 'M');
insert into Persona (IdPersona, Nombre, Paterno, Materno, FechaNacimiento, Sexo) values (22, 'Frasquito', 'Ferrarone', 'Frostdyke', '2009-10-27', 'M');
insert into Persona (IdPersona, Nombre, Paterno, Materno, FechaNacimiento, Sexo) values (23, 'Jordana', 'Disdel', 'Mantripp', '1973-02-05', 'F');
insert into Persona (IdPersona, Nombre, Paterno, Materno, FechaNacimiento, Sexo) values (24, 'Beniamino', 'McNeillie', 'Radclyffe', '2006-08-27', 'M');
insert into Persona (IdPersona, Nombre, Paterno, Materno, FechaNacimiento, Sexo) values (25, 'Dexter', 'MacDunleavy', 'Walliker', '1960-04-18', 'M');
insert into Persona (IdPersona, Nombre, Paterno, Materno, FechaNacimiento, Sexo) values (26, 'Renae', 'Arnhold', 'Sneezem', '1961-05-12', 'F');
insert into Persona (IdPersona, Nombre, Paterno, Materno, FechaNacimiento, Sexo) values (27, 'Amitie', 'Coxen', 'Sporton', '1968-07-10', 'F');
insert into Persona (IdPersona, Nombre, Paterno, Materno, FechaNacimiento, Sexo) values (28, 'Kakalina', 'Rickett', 'Mattack', '2004-06-18', 'F');
insert into Persona (IdPersona, Nombre, Paterno, Materno, FechaNacimiento, Sexo) values (29, 'Dion', 'Cholmondeley', 'Emilien', '1975-04-20', 'F');
insert into Persona (IdPersona, Nombre, Paterno, Materno, FechaNacimiento, Sexo) values (30, 'Cleve', 'Culverhouse', 'Fosh', '1960-11-15', 'M');
insert into Persona (IdPersona, Nombre, Paterno, Materno, FechaNacimiento, Sexo) values (31, 'Hetti', 'Harkus', 'Hendonson', '1972-02-27', 'F');
insert into Persona (IdPersona, Nombre, Paterno, Materno, FechaNacimiento, Sexo) values (32, 'Georgi', 'Mulloch', 'Lief', '1982-03-16', 'M');
insert into Persona (IdPersona, Nombre, Paterno, Materno, FechaNacimiento, Sexo) values (33, 'Kaylee', 'Peggs', 'Durno', '2007-06-11', 'F');
insert into Persona (IdPersona, Nombre, Paterno, Materno, FechaNacimiento, Sexo) values (34, 'Silvia', 'Dallosso', 'McIlreavy', '1973-02-13', 'F');
insert into Persona (IdPersona, Nombre, Paterno, Materno, FechaNacimiento, Sexo) values (35, 'Ive', 'Kelle', 'Garrard', '2003-04-13', 'M');
insert into Persona (IdPersona, Nombre, Paterno, Materno, FechaNacimiento, Sexo) values (36, 'Zelig', 'Collidge', 'Popple', '1999-06-09', 'M');
insert into Persona (IdPersona, Nombre, Paterno, Materno, FechaNacimiento, Sexo) values (37, 'Vincents', 'Jamison', 'Jojic', '1967-06-05', 'M');
insert into Persona (IdPersona, Nombre, Paterno, Materno, FechaNacimiento, Sexo) values (38, 'Mozelle', 'Chadwyck', 'Antony', '2002-12-31', 'F');
insert into Persona (IdPersona, Nombre, Paterno, Materno, FechaNacimiento, Sexo) values (39, 'Clari', 'Fosdyke', 'Engelbrecht', '1991-07-20', 'F');
insert into Persona (IdPersona, Nombre, Paterno, Materno, FechaNacimiento, Sexo) values (40, 'Theodoric', 'Coronado', 'Bartak', '2002-08-02', 'M');
insert into Persona (IdPersona, Nombre, Paterno, Materno, FechaNacimiento, Sexo) values (41, 'Shaun', 'Mounsey', 'Butterfint', '1992-07-18', 'F');
insert into Persona (IdPersona, Nombre, Paterno, Materno, FechaNacimiento, Sexo) values (42, 'Tiebout', 'Peirazzi', 'Jobson', '1965-10-02', 'M');
insert into Persona (IdPersona, Nombre, Paterno, Materno, FechaNacimiento, Sexo) values (43, 'Giff', 'Hrihorovich', 'Craythorne', '1965-01-07', 'M');
insert into Persona (IdPersona, Nombre, Paterno, Materno, FechaNacimiento, Sexo) values (44, 'Marlon', 'Farndell', 'Errichi', '1980-11-18', 'M');
insert into Persona (IdPersona, Nombre, Paterno, Materno, FechaNacimiento, Sexo) values (45, 'Francis', 'Faull', 'Pirson', '1964-02-27', 'M');
insert into Persona (IdPersona, Nombre, Paterno, Materno, FechaNacimiento, Sexo) values (46, 'Maxy', 'Lauridsen', 'Muschette', '2000-04-27', 'M');
insert into Persona (IdPersona, Nombre, Paterno, Materno, FechaNacimiento, Sexo) values (47, 'Tate', 'Disman', 'Carn', '1994-04-22', 'F');
insert into Persona (IdPersona, Nombre, Paterno, Materno, FechaNacimiento, Sexo) values (48, 'Ursola', 'Saintsbury', 'Dumbreck', '1992-08-27', 'F');
insert into Persona (IdPersona, Nombre, Paterno, Materno, FechaNacimiento, Sexo) values (49, 'Brunhilda', 'Matyushkin', 'Melson', '1989-12-11', 'F');
insert into Persona (IdPersona, Nombre, Paterno, Materno, FechaNacimiento, Sexo) values (50, 'Pryce', 'Lanham', 'Tilberry', '1964-10-09', 'M');
insert into Persona (IdPersona, Nombre, Paterno, Materno, FechaNacimiento, Sexo) values (51, 'Marlie', 'Austins', 'Limbert', '1968-05-28', 'F');
insert into Persona (IdPersona, Nombre, Paterno, Materno, FechaNacimiento, Sexo) values (52, 'Bay', 'Barhams', 'Farden', '1969-09-30', 'M');
insert into Persona (IdPersona, Nombre, Paterno, Materno, FechaNacimiento, Sexo) values (53, 'Dolorita', 'Older', 'Shepland', '1975-06-08', 'F');
insert into Persona (IdPersona, Nombre, Paterno, Materno, FechaNacimiento, Sexo) values (54, 'Genovera', 'Cluley', 'Pinnion', '2006-05-15', 'F');
insert into Persona (IdPersona, Nombre, Paterno, Materno, FechaNacimiento, Sexo) values (55, 'Zoe', 'Jollye', 'Zottoli', '1977-07-31', 'F');
insert into Persona (IdPersona, Nombre, Paterno, Materno, FechaNacimiento, Sexo) values (56, 'Sal', 'Cain', 'Canete', '1995-01-13', 'M');
insert into Persona (IdPersona, Nombre, Paterno, Materno, FechaNacimiento, Sexo) values (57, 'Frankie', 'Bader', 'Soaper', '1979-06-04', 'F');
insert into Persona (IdPersona, Nombre, Paterno, Materno, FechaNacimiento, Sexo) values (58, 'Hedy', 'Wickersley', 'Esh', '1979-01-22', 'F');
insert into Persona (IdPersona, Nombre, Paterno, Materno, FechaNacimiento, Sexo) values (59, 'Bernette', 'Brade', 'Wheeldon', '2008-02-02', 'F');
insert into Persona (IdPersona, Nombre, Paterno, Materno, FechaNacimiento, Sexo) values (60, 'Thomasin', 'Sherston', 'Kundert', '1987-04-18', 'F');
insert into Persona (IdPersona, Nombre, Paterno, Materno, FechaNacimiento, Sexo) values (61, 'Joann', 'Asquez', 'Fleay', '2005-01-24', 'F');
insert into Persona (IdPersona, Nombre, Paterno, Materno, FechaNacimiento, Sexo) values (62, 'Cobbie', 'Merritt', 'Benton', '1991-11-06', 'M');
insert into Persona (IdPersona, Nombre, Paterno, Materno, FechaNacimiento, Sexo) values (63, 'Stoddard', 'McDiarmid', 'Burdon', '2003-07-28', 'F');
insert into Persona (IdPersona, Nombre, Paterno, Materno, FechaNacimiento, Sexo) values (64, 'Gilly', 'Sahnow', 'Stacy', '1960-09-22', 'F');
insert into Persona (IdPersona, Nombre, Paterno, Materno, FechaNacimiento, Sexo) values (65, 'Land', 'Esp', 'Lebbern', '1989-12-27', 'M');
insert into Persona (IdPersona, Nombre, Paterno, Materno, FechaNacimiento, Sexo) values (66, 'Leanora', 'Woodger', 'Plessing', '1996-11-05', 'F');
insert into Persona (IdPersona, Nombre, Paterno, Materno, FechaNacimiento, Sexo) values (67, 'Ailis', 'McFaell', 'Moralee', '2000-09-03', 'F');
insert into Persona (IdPersona, Nombre, Paterno, Materno, FechaNacimiento, Sexo) values (68, 'Raye', 'Davids', 'Kippie', '2008-07-31', 'F');
insert into Persona (IdPersona, Nombre, Paterno, Materno, FechaNacimiento, Sexo) values (69, 'Derrick', 'Strick', 'Chellam', '1978-10-18', 'M');
insert into Persona (IdPersona, Nombre, Paterno, Materno, FechaNacimiento, Sexo) values (70, 'Rochester', 'Slimings', 'Ravenscraft', '2008-07-01', 'M');
insert into Persona (IdPersona, Nombre, Paterno, Materno, FechaNacimiento, Sexo) values (71, 'Louise', 'Stanway', 'Hiscoke', '1991-11-22', 'F');
insert into Persona (IdPersona, Nombre, Paterno, Materno, FechaNacimiento, Sexo) values (72, 'Kennett', 'Keelan', 'Degli Abbati', '1972-08-17', 'M');
insert into Persona (IdPersona, Nombre, Paterno, Materno, FechaNacimiento, Sexo) values (73, 'Meridel', 'Scrannage', 'Duligal', '1982-03-31', 'F');
insert into Persona (IdPersona, Nombre, Paterno, Materno, FechaNacimiento, Sexo) values (74, 'Horacio', 'Creamen', 'Ryley', '1994-01-15', 'M');
insert into Persona (IdPersona, Nombre, Paterno, Materno, FechaNacimiento, Sexo) values (75, 'Aubrie', 'Persey', 'Reek', '1975-11-13', 'F');
insert into Persona (IdPersona, Nombre, Paterno, Materno, FechaNacimiento, Sexo) values (76, 'Herschel', 'Carletto', 'Cornfield', '1985-05-27', 'M');
insert into Persona (IdPersona, Nombre, Paterno, Materno, FechaNacimiento, Sexo) values (77, 'Roslyn', 'Philps', 'Simm', '1967-05-23', 'F');
insert into Persona (IdPersona, Nombre, Paterno, Materno, FechaNacimiento, Sexo) values (78, 'Cary', 'McGougan', 'Male', '1986-06-30', 'M');
insert into Persona (IdPersona, Nombre, Paterno, Materno, FechaNacimiento, Sexo) values (79, 'Sherlocke', 'Barford', 'Paradin', '2005-05-15', 'M');
insert into Persona (IdPersona, Nombre, Paterno, Materno, FechaNacimiento, Sexo) values (80, 'Jorgan', 'Landis', 'Harcus', '2002-11-14', 'M');
insert into Persona (IdPersona, Nombre, Paterno, Materno, FechaNacimiento, Sexo) values (81, 'Shelia', 'Bocock', 'Bernardotti', '1988-01-04', 'F');
insert into Persona (IdPersona, Nombre, Paterno, Materno, FechaNacimiento, Sexo) values (82, 'Ogden', 'Whitnell', 'Pitherick', '1975-03-06', 'M');
insert into Persona (IdPersona, Nombre, Paterno, Materno, FechaNacimiento, Sexo) values (83, 'Alexio', 'Baudon', 'Chismon', '2005-03-27', 'M');
insert into Persona (IdPersona, Nombre, Paterno, Materno, FechaNacimiento, Sexo) values (84, 'Ezechiel', 'Greaser', 'Stoneley', '2005-09-12', 'M');
insert into Persona (IdPersona, Nombre, Paterno, Materno, FechaNacimiento, Sexo) values (85, 'Ingaberg', 'Norquoy', 'Beakes', '1976-11-18', 'F');
insert into Persona (IdPersona, Nombre, Paterno, Materno, FechaNacimiento, Sexo) values (86, 'Aubrey', 'Easman', 'Oubridge', '1985-11-12', 'M');
insert into Persona (IdPersona, Nombre, Paterno, Materno, FechaNacimiento, Sexo) values (87, 'Cathlene', 'Sparrow', 'Bree', '1989-05-09', 'F');
insert into Persona (IdPersona, Nombre, Paterno, Materno, FechaNacimiento, Sexo) values (88, 'Bell', 'De Mitris', 'Atthow', '1981-08-23', 'F');
insert into Persona (IdPersona, Nombre, Paterno, Materno, FechaNacimiento, Sexo) values (89, 'Ethelin', 'Bricklebank', 'Buddington', '1983-02-04', 'F');
insert into Persona (IdPersona, Nombre, Paterno, Materno, FechaNacimiento, Sexo) values (90, 'Jay', 'Gaitskell', 'Francklyn', '1972-07-31', 'M');
insert into Persona (IdPersona, Nombre, Paterno, Materno, FechaNacimiento, Sexo) values (91, 'Leda', 'Swyndley', 'Barkus', '1962-02-06', 'F');
insert into Persona (IdPersona, Nombre, Paterno, Materno, FechaNacimiento, Sexo) values (92, 'Leesa', 'Yeandel', 'Atto', '1996-04-09', 'F');
insert into Persona (IdPersona, Nombre, Paterno, Materno, FechaNacimiento, Sexo) values (93, 'Griffin', 'Garraway', 'Farmar', '1985-10-03', 'M');
insert into Persona (IdPersona, Nombre, Paterno, Materno, FechaNacimiento, Sexo) values (94, 'Gradey', 'Mannock', 'Fisby', '1978-08-28', 'M');
insert into Persona (IdPersona, Nombre, Paterno, Materno, FechaNacimiento, Sexo) values (95, 'Haleigh', 'Reddihough', 'Cowley', '1971-07-25', 'F');
insert into Persona (IdPersona, Nombre, Paterno, Materno, FechaNacimiento, Sexo) values (96, 'Titos', 'Elven', 'Clausen-Thue', '1991-04-24', 'M');
insert into Persona (IdPersona, Nombre, Paterno, Materno, FechaNacimiento, Sexo) values (97, 'Diane', 'Spurriar', 'Covendon', '1972-01-09', 'F');
insert into Persona (IdPersona, Nombre, Paterno, Materno, FechaNacimiento, Sexo) values (98, 'Monro', 'Thandi', 'Moncreiffe', '1989-07-18', 'M');
insert into Persona (IdPersona, Nombre, Paterno, Materno, FechaNacimiento, Sexo) values (99, 'Hervey', 'Garforth', 'Elintune', '1970-05-22', 'M');
insert into Persona (IdPersona, Nombre, Paterno, Materno, FechaNacimiento, Sexo) values (100, 'Mona', 'Laviss', 'Sneyd', '1963-01-12', 'F');
insert into Persona (IdPersona, Nombre, Paterno, Materno, FechaNacimiento, Sexo) values (101, 'Aili', 'Souza', 'Bambrough', '1986-02-04', 'F');
insert into Persona (IdPersona, Nombre, Paterno, Materno, FechaNacimiento, Sexo) values (102, 'Aylmer', 'Wilcockes', 'Mitchener', '1974-02-21', 'M');
insert into Persona (IdPersona, Nombre, Paterno, Materno, FechaNacimiento, Sexo) values (103, 'Davon', 'Leeming', 'Spadaro', '1990-01-31', 'M');
insert into Persona (IdPersona, Nombre, Paterno, Materno, FechaNacimiento, Sexo) values (104, 'Marilin', 'Clout', 'Lavarack', '1994-06-03', 'F');
insert into Persona (IdPersona, Nombre, Paterno, Materno, FechaNacimiento, Sexo) values (105, 'Almeta', 'Seary', 'Relton', '1976-03-13', 'F');
insert into Persona (IdPersona, Nombre, Paterno, Materno, FechaNacimiento, Sexo) values (106, 'Clement', 'Steane', 'Chaize', '1987-05-23', 'M');
insert into Persona (IdPersona, Nombre, Paterno, Materno, FechaNacimiento, Sexo) values (107, 'Conrado', 'Yanyushkin', 'Klaiser', '2004-01-21', 'M');
insert into Persona (IdPersona, Nombre, Paterno, Materno, FechaNacimiento, Sexo) values (108, 'Clement', 'Schutze', 'Etock', '1973-04-21', 'M');
insert into Persona (IdPersona, Nombre, Paterno, Materno, FechaNacimiento, Sexo) values (109, 'Andriana', 'Kuhl', 'Ferronel', '2007-01-20', 'F');
insert into Persona (IdPersona, Nombre, Paterno, Materno, FechaNacimiento, Sexo) values (110, 'Vivien', 'Lynde', 'Snoxill', '1999-01-15', 'F');
insert into Persona (IdPersona, Nombre, Paterno, Materno, FechaNacimiento, Sexo) values (111, 'Marsh', 'Balling', 'Seamon', '1985-08-31', 'M');
insert into Persona (IdPersona, Nombre, Paterno, Materno, FechaNacimiento, Sexo) values (112, 'Tulley', 'Gooding', 'Mably', '2003-09-21', 'M');
insert into Persona (IdPersona, Nombre, Paterno, Materno, FechaNacimiento, Sexo) values (113, 'Godiva', 'Tremellier', 'Ivasechko', '2000-09-11', 'F');
insert into Persona (IdPersona, Nombre, Paterno, Materno, FechaNacimiento, Sexo) values (114, 'Ilyssa', 'Langstone', 'Lukesch', '1995-08-10', 'F');
insert into Persona (IdPersona, Nombre, Paterno, Materno, FechaNacimiento, Sexo) values (115, 'Fielding', 'Pedlar', 'Jobern', '1981-08-15', 'M');
insert into Persona (IdPersona, Nombre, Paterno, Materno, FechaNacimiento, Sexo) values (116, 'Tabina', 'Sleight', 'Lacy', '1975-04-30', 'F');
insert into Persona (IdPersona, Nombre, Paterno, Materno, FechaNacimiento, Sexo) values (117, 'Nahum', 'Caldes', 'Greenrod', '1982-04-21', 'M');
insert into Persona (IdPersona, Nombre, Paterno, Materno, FechaNacimiento, Sexo) values (118, 'Inez', 'Hulmes', 'Melloi', '1991-09-16', 'F');
insert into Persona (IdPersona, Nombre, Paterno, Materno, FechaNacimiento, Sexo) values (119, 'Vic', 'McReidy', 'McCord', '1990-04-28', 'M');
insert into Persona (IdPersona, Nombre, Paterno, Materno, FechaNacimiento, Sexo) values (120, 'Darbie', 'Butterick', 'Densun', '1988-04-06', 'F');
insert into Persona (IdPersona, Nombre, Paterno, Materno, FechaNacimiento, Sexo) values (121, 'Richardo', 'Di Roberto', 'Kiss', '1991-10-13', 'M');
insert into Persona (IdPersona, Nombre, Paterno, Materno, FechaNacimiento, Sexo) values (122, 'Shannah', 'Latore', 'Matussow', '1974-02-22', 'F');
insert into Persona (IdPersona, Nombre, Paterno, Materno, FechaNacimiento, Sexo) values (123, 'Zorina', 'Fudger', 'Liversedge', '1970-09-06', 'F');
insert into Persona (IdPersona, Nombre, Paterno, Materno, FechaNacimiento, Sexo) values (124, 'Winthrop', 'Babidge', 'Ebben', '1968-05-23', 'M');
insert into Persona (IdPersona, Nombre, Paterno, Materno, FechaNacimiento, Sexo) values (125, 'Gillan', 'Laugier', 'Landy', '1992-02-17', 'F');
insert into Persona (IdPersona, Nombre, Paterno, Materno, FechaNacimiento, Sexo) values (126, 'Valli', 'Spaducci', 'Roullier', '1971-11-13', 'F');
insert into Persona (IdPersona, Nombre, Paterno, Materno, FechaNacimiento, Sexo) values (127, 'Henrie', 'Borgnol', 'Pitway', '1962-12-06', 'F');
insert into Persona (IdPersona, Nombre, Paterno, Materno, FechaNacimiento, Sexo) values (128, 'Pen', 'McCaskell', 'Danes', '1993-11-04', 'F');
insert into Persona (IdPersona, Nombre, Paterno, Materno, FechaNacimiento, Sexo) values (129, 'Ilyssa', 'Yatman', 'Romushkin', '1982-04-21', 'F');
insert into Persona (IdPersona, Nombre, Paterno, Materno, FechaNacimiento, Sexo) values (130, 'Lydie', 'Hardesty', 'Goulbourne', '1982-08-03', 'F');
insert into Persona (IdPersona, Nombre, Paterno, Materno, FechaNacimiento, Sexo) values (131, 'Sascha', 'Sunley', 'Turbayne', '2008-04-07', 'F');
insert into Persona (IdPersona, Nombre, Paterno, Materno, FechaNacimiento, Sexo) values (132, 'Prince', 'Piesing', 'Craze', '2006-04-28', 'M');
insert into Persona (IdPersona, Nombre, Paterno, Materno, FechaNacimiento, Sexo) values (133, 'Melicent', 'Romaint', 'Franz-Schoninger', '2000-06-11', 'F');
insert into Persona (IdPersona, Nombre, Paterno, Materno, FechaNacimiento, Sexo) values (134, 'Sibeal', 'Klement', 'Orts', '1989-07-13', 'F');
insert into Persona (IdPersona, Nombre, Paterno, Materno, FechaNacimiento, Sexo) values (135, 'Marnia', 'Outibridge', 'Challiss', '1984-03-26', 'F');
insert into Persona (IdPersona, Nombre, Paterno, Materno, FechaNacimiento, Sexo) values (136, 'Tawnya', 'Leibold', 'MacMorland', '2008-07-30', 'F');
insert into Persona (IdPersona, Nombre, Paterno, Materno, FechaNacimiento, Sexo) values (137, 'Dacy', 'Phipp', 'Haime', '2003-10-12', 'F');
insert into Persona (IdPersona, Nombre, Paterno, Materno, FechaNacimiento, Sexo) values (138, 'Adan', 'Harriot', 'Moverley', '1965-12-31', 'M');
insert into Persona (IdPersona, Nombre, Paterno, Materno, FechaNacimiento, Sexo) values (139, 'Bill', 'Condie', 'Chasemoore', '1964-09-17', 'M');
insert into Persona (IdPersona, Nombre, Paterno, Materno, FechaNacimiento, Sexo) values (140, 'Evelyn', 'Collough', 'Clifford', '1968-05-25', 'F');
insert into Persona (IdPersona, Nombre, Paterno, Materno, FechaNacimiento, Sexo) values (141, 'Rupert', 'Millsap', 'Mowlam', '1977-05-01', 'M');
insert into Persona (IdPersona, Nombre, Paterno, Materno, FechaNacimiento, Sexo) values (142, 'Odella', 'Crowden', 'Hugenin', '1984-10-09', 'F');
insert into Persona (IdPersona, Nombre, Paterno, Materno, FechaNacimiento, Sexo) values (143, 'Gwendolyn', 'Cunningham', 'Coppin', '1990-07-11', 'F');
insert into Persona (IdPersona, Nombre, Paterno, Materno, FechaNacimiento, Sexo) values (144, 'Lyndell', 'Blackborow', 'Bayless', '1975-07-01', 'F');
insert into Persona (IdPersona, Nombre, Paterno, Materno, FechaNacimiento, Sexo) values (145, 'Candy', 'Carruthers', 'Keymer', '1974-07-06', 'F');
insert into Persona (IdPersona, Nombre, Paterno, Materno, FechaNacimiento, Sexo) values (146, 'Krysta', 'Widdup', 'Conichie', '2007-09-19', 'F');
insert into Persona (IdPersona, Nombre, Paterno, Materno, FechaNacimiento, Sexo) values (147, 'Chris', 'Wellington', 'Spowart', '1970-01-29', 'F');
insert into Persona (IdPersona, Nombre, Paterno, Materno, FechaNacimiento, Sexo) values (148, 'Andrea', 'Shayler', 'McCroary', '1960-05-09', 'F');
insert into Persona (IdPersona, Nombre, Paterno, Materno, FechaNacimiento, Sexo) values (149, 'Joan', 'Melin', 'Few', '1988-10-03', 'F');
insert into Persona (IdPersona, Nombre, Paterno, Materno, FechaNacimiento, Sexo) values (150, 'Delphinia', 'Dowthwaite', 'Edney', '1963-04-05', 'F');
    -- Personas que son Participantes
insert into Persona (IdPersona, Nombre, Paterno, Materno, FechaNacimiento, Sexo) values (151, 'Jeralee', 'Prinnett', 'Liddell', '1928-03-20', 'F');
insert into Persona (IdPersona, Nombre, Paterno, Materno, FechaNacimiento, Sexo) values (152, 'Nancie', 'Grenshiels', 'Dignall', '1952-03-08', 'F');
insert into Persona (IdPersona, Nombre, Paterno, Materno, FechaNacimiento, Sexo) values (153, 'Lorena', 'Pessold', 'Deakins', '1954-07-28', 'F');
insert into Persona (IdPersona, Nombre, Paterno, Materno, FechaNacimiento, Sexo) values (154, 'Em', 'Wareing', 'Campling', '1924-05-09', 'F');
insert into Persona (IdPersona, Nombre, Paterno, Materno, FechaNacimiento, Sexo) values (155, 'Ad', 'Fellnee', 'Poole', '1921-11-25', 'M');
insert into Persona (IdPersona, Nombre, Paterno, Materno, FechaNacimiento, Sexo) values (156, 'Federico', 'Georges', 'Hodcroft', '1935-02-14', 'M');
insert into Persona (IdPersona, Nombre, Paterno, Materno, FechaNacimiento, Sexo) values (157, 'Karlan', 'Gwatkins', 'Boutcher', '1956-09-30', 'M');
insert into Persona (IdPersona, Nombre, Paterno, Materno, FechaNacimiento, Sexo) values (158, 'Milzie', 'Anmore', 'Grigoire', '1970-01-10', 'F');
insert into Persona (IdPersona, Nombre, Paterno, Materno, FechaNacimiento, Sexo) values (159, 'Clementia', 'Dimic', 'Eckersley', '1971-03-11', 'F');
insert into Persona (IdPersona, Nombre, Paterno, Materno, FechaNacimiento, Sexo) values (160, 'Derry', 'Hardy-Piggin', 'Frangione', '1933-12-22', 'M');
insert into Persona (IdPersona, Nombre, Paterno, Materno, FechaNacimiento, Sexo) values (161, 'Kalinda', 'Leeman', 'Thomtson', '1931-08-22', 'F');
insert into Persona (IdPersona, Nombre, Paterno, Materno, FechaNacimiento, Sexo) values (162, 'Anet', 'Hecks', 'Parmeter', '1985-11-28', 'F');
insert into Persona (IdPersona, Nombre, Paterno, Materno, FechaNacimiento, Sexo) values (163, 'Dedra', 'Custed', 'Jendrach', '1928-11-03', 'F');
insert into Persona (IdPersona, Nombre, Paterno, Materno, FechaNacimiento, Sexo) values (164, 'Deloria', 'Brigman', 'Vineall', '2008-05-14', 'F');
insert into Persona (IdPersona, Nombre, Paterno, Materno, FechaNacimiento, Sexo) values (165, 'Lyman', 'Hanway', 'Ivasechko', '1997-07-30', 'M');
insert into Persona (IdPersona, Nombre, Paterno, Materno, FechaNacimiento, Sexo) values (166, 'Myrlene', 'Sidebotton', 'Cud', '1970-05-27', 'F');
insert into Persona (IdPersona, Nombre, Paterno, Materno, FechaNacimiento, Sexo) values (167, 'Trenton', 'Porteous', 'Bushell', '1976-09-14', 'M');
insert into Persona (IdPersona, Nombre, Paterno, Materno, FechaNacimiento, Sexo) values (168, 'Virgie', 'MacGlory', 'Portlock', '1984-03-18', 'M');
insert into Persona (IdPersona, Nombre, Paterno, Materno, FechaNacimiento, Sexo) values (169, 'Abdul', 'Fronek', 'Jirsa', '1945-02-16', 'M');
insert into Persona (IdPersona, Nombre, Paterno, Materno, FechaNacimiento, Sexo) values (170, 'Dunn', 'Cockerill', 'Ianni', '1967-11-19', 'M');
insert into Persona (IdPersona, Nombre, Paterno, Materno, FechaNacimiento, Sexo) values (171, 'Nertie', 'Bernhart', 'Ferrotti', '1945-09-24', 'F');
insert into Persona (IdPersona, Nombre, Paterno, Materno, FechaNacimiento, Sexo) values (172, 'Merle', 'Brosi', 'Plumbley', '1991-06-01', 'M');
insert into Persona (IdPersona, Nombre, Paterno, Materno, FechaNacimiento, Sexo) values (173, 'Andros', 'Bartels-Ellis', 'Mellows', '1957-09-01', 'M');
insert into Persona (IdPersona, Nombre, Paterno, Materno, FechaNacimiento, Sexo) values (174, 'Bianka', 'Geraghty', 'Bonick', '1950-01-06', 'F');
insert into Persona (IdPersona, Nombre, Paterno, Materno, FechaNacimiento, Sexo) values (175, 'Aubrey', 'Trubshawe', 'Terney', '1989-07-07', 'M');
insert into Persona (IdPersona, Nombre, Paterno, Materno, FechaNacimiento, Sexo) values (176, 'Bendick', 'Giacomazzo', 'Brimmacombe', '1926-10-08', 'M');
insert into Persona (IdPersona, Nombre, Paterno, Materno, FechaNacimiento, Sexo) values (177, 'Asa', 'Tunna', 'Borrel', '1954-06-14', 'M');
insert into Persona (IdPersona, Nombre, Paterno, Materno, FechaNacimiento, Sexo) values (178, 'Clovis', 'Grigorkin', 'Casajuana', '1964-09-01', 'F');
insert into Persona (IdPersona, Nombre, Paterno, Materno, FechaNacimiento, Sexo) values (179, 'Liane', 'Beeble', 'Hanshaw', '1996-11-22', 'F');
insert into Persona (IdPersona, Nombre, Paterno, Materno, FechaNacimiento, Sexo) values (180, 'Erasmus', 'Pacheco', 'Sturt', '1958-02-04', 'M');
insert into Persona (IdPersona, Nombre, Paterno, Materno, FechaNacimiento, Sexo) values (181, 'Holmes', 'Tarr', 'Leeming', '1951-03-12', 'M');
insert into Persona (IdPersona, Nombre, Paterno, Materno, FechaNacimiento, Sexo) values (182, 'Aldis', 'Huitt', 'Negal', '2009-03-19', 'M');
insert into Persona (IdPersona, Nombre, Paterno, Materno, FechaNacimiento, Sexo) values (183, 'Cesar', 'Schwerin', 'Bernaert', '2000-09-15', 'M');
insert into Persona (IdPersona, Nombre, Paterno, Materno, FechaNacimiento, Sexo) values (184, 'Verge', 'Sumpner', 'Allatt', '1944-10-11', 'M');
insert into Persona (IdPersona, Nombre, Paterno, Materno, FechaNacimiento, Sexo) values (185, 'Alexei', 'Blinckhorne', 'Abella', '1956-03-17', 'M');
insert into Persona (IdPersona, Nombre, Paterno, Materno, FechaNacimiento, Sexo) values (186, 'Alard', 'Mordanti', 'Cleland', '1986-01-21', 'M');
insert into Persona (IdPersona, Nombre, Paterno, Materno, FechaNacimiento, Sexo) values (187, 'Shaughn', 'Livingstone', 'Rudinger', '1922-08-23', 'M');
insert into Persona (IdPersona, Nombre, Paterno, Materno, FechaNacimiento, Sexo) values (188, 'Cy', 'Hovert', 'O''Hagerty', '1992-10-08', 'M');
insert into Persona (IdPersona, Nombre, Paterno, Materno, FechaNacimiento, Sexo) values (189, 'Janenna', 'Gruczka', 'Kennagh', '1932-06-09', 'F');
insert into Persona (IdPersona, Nombre, Paterno, Materno, FechaNacimiento, Sexo) values (190, 'Hobey', 'Broun', 'Parcells', '1954-12-30', 'M');
insert into Persona (IdPersona, Nombre, Paterno, Materno, FechaNacimiento, Sexo) values (191, 'Padriac', 'Wormstone', 'Pentecost', '2002-12-28', 'M');
insert into Persona (IdPersona, Nombre, Paterno, Materno, FechaNacimiento, Sexo) values (192, 'Oberon', 'Malenfant', 'Carletti', '1920-12-27', 'M');
insert into Persona (IdPersona, Nombre, Paterno, Materno, FechaNacimiento, Sexo) values (193, 'Harlin', 'Richings', 'Rehn', '1932-01-25', 'M');
insert into Persona (IdPersona, Nombre, Paterno, Materno, FechaNacimiento, Sexo) values (194, 'Quintina', 'Stanlock', 'Deyes', '2002-08-13', 'F');
insert into Persona (IdPersona, Nombre, Paterno, Materno, FechaNacimiento, Sexo) values (195, 'Dilly', 'Heineke', 'Aujean', '2006-02-19', 'M');
insert into Persona (IdPersona, Nombre, Paterno, Materno, FechaNacimiento, Sexo) values (196, 'Consalve', 'Cursons', 'Lauthian', '1946-06-30', 'M');
insert into Persona (IdPersona, Nombre, Paterno, Materno, FechaNacimiento, Sexo) values (197, 'Billie', 'Kytley', 'Deackes', '2005-03-13', 'F');
insert into Persona (IdPersona, Nombre, Paterno, Materno, FechaNacimiento, Sexo) values (198, 'Thom', 'Rozier', 'Mohun', '1993-02-01', 'M');
insert into Persona (IdPersona, Nombre, Paterno, Materno, FechaNacimiento, Sexo) values (199, 'Jo', 'Driver', 'Danjoie', '1940-06-01', 'F');
insert into Persona (IdPersona, Nombre, Paterno, Materno, FechaNacimiento, Sexo) values (200, 'Ottilie', 'Sheehan', 'Tuminelli', '1974-01-08', 'F');
insert into Persona (IdPersona, Nombre, Paterno, Materno, FechaNacimiento, Sexo) values (201, 'Woodrow', 'Pitson', 'Gapper', '1928-12-23', 'M');
insert into Persona (IdPersona, Nombre, Paterno, Materno, FechaNacimiento, Sexo) values (202, 'Ania', 'Uccello', 'Broker', '1927-11-30', 'F');
insert into Persona (IdPersona, Nombre, Paterno, Materno, FechaNacimiento, Sexo) values (203, 'Gaylene', 'Fromont', 'Coston', '1951-01-06', 'F');
insert into Persona (IdPersona, Nombre, Paterno, Materno, FechaNacimiento, Sexo) values (204, 'Darrelle', 'Boyes', 'Craney', '1994-04-17', 'F');
insert into Persona (IdPersona, Nombre, Paterno, Materno, FechaNacimiento, Sexo) values (205, 'Claudio', 'Steinham', 'Caesmans', '1968-05-30', 'M');
insert into Persona (IdPersona, Nombre, Paterno, Materno, FechaNacimiento, Sexo) values (206, 'Fabio', 'Vaud', 'Wethers', '1988-06-04', 'M');
insert into Persona (IdPersona, Nombre, Paterno, Materno, FechaNacimiento, Sexo) values (207, 'Harmon', 'Amos', 'Ricioppo', '1936-06-05', 'M');
insert into Persona (IdPersona, Nombre, Paterno, Materno, FechaNacimiento, Sexo) values (208, 'Esta', 'Sirkett', 'Grasha', '1993-05-25', 'F');
insert into Persona (IdPersona, Nombre, Paterno, Materno, FechaNacimiento, Sexo) values (209, 'Tina', 'Pollastrone', 'Nan Carrow', '2003-01-26', 'F');
insert into Persona (IdPersona, Nombre, Paterno, Materno, FechaNacimiento, Sexo) values (210, 'Martelle', 'Imlaw', 'Rowles', '1925-04-01', 'F');
insert into Persona (IdPersona, Nombre, Paterno, Materno, FechaNacimiento, Sexo) values (211, 'Kelby', 'Kaygill', 'McPhelimey', '1923-11-30', 'M');
insert into Persona (IdPersona, Nombre, Paterno, Materno, FechaNacimiento, Sexo) values (212, 'Chryste', 'Kidstoun', 'Simenet', '1945-01-22', 'F');
insert into Persona (IdPersona, Nombre, Paterno, Materno, FechaNacimiento, Sexo) values (213, 'Rosabella', 'Heild', 'Petters', '1949-02-23', 'F');
insert into Persona (IdPersona, Nombre, Paterno, Materno, FechaNacimiento, Sexo) values (214, 'Zita', 'Muneely', 'Bradbrook', '1965-10-30', 'F');
insert into Persona (IdPersona, Nombre, Paterno, Materno, FechaNacimiento, Sexo) values (215, 'Arnie', 'Fippe', 'Rubica', '1929-09-15', 'M');
insert into Persona (IdPersona, Nombre, Paterno, Materno, FechaNacimiento, Sexo) values (216, 'Alric', 'Rowat', 'Swithenby', '1948-12-07', 'M');
insert into Persona (IdPersona, Nombre, Paterno, Materno, FechaNacimiento, Sexo) values (217, 'Mozes', 'Lawlings', 'De Carlo', '1956-09-18', 'M');
insert into Persona (IdPersona, Nombre, Paterno, Materno, FechaNacimiento, Sexo) values (218, 'Jenn', 'MacFall', 'Veighey', '1952-01-05', 'F');
insert into Persona (IdPersona, Nombre, Paterno, Materno, FechaNacimiento, Sexo) values (219, 'Howard', 'Blagbrough', 'Jagg', '1939-07-14', 'M');
insert into Persona (IdPersona, Nombre, Paterno, Materno, FechaNacimiento, Sexo) values (220, 'Uriel', 'McMurtyr', 'Fearnley', '1952-08-10', 'M');
insert into Persona (IdPersona, Nombre, Paterno, Materno, FechaNacimiento, Sexo) values (221, 'Brandise', 'Walbridge', 'Sibray', '1948-04-12', 'F');
insert into Persona (IdPersona, Nombre, Paterno, Materno, FechaNacimiento, Sexo) values (222, 'Reena', 'Fealty', 'Shimman', '1952-12-16', 'F');
insert into Persona (IdPersona, Nombre, Paterno, Materno, FechaNacimiento, Sexo) values (223, 'Ber', 'Blakeman', 'Danielsen', '2001-11-15', 'M');
insert into Persona (IdPersona, Nombre, Paterno, Materno, FechaNacimiento, Sexo) values (224, 'Artus', 'Hazeldine', 'Bricket', '1975-07-11', 'M');
insert into Persona (IdPersona, Nombre, Paterno, Materno, FechaNacimiento, Sexo) values (225, 'Marni', 'Bruniges', 'Kiffe', '1995-11-21', 'F');
insert into Persona (IdPersona, Nombre, Paterno, Materno, FechaNacimiento, Sexo) values (226, 'Levin', 'Maffioletti', 'Palatino', '1957-03-04', 'M');
insert into Persona (IdPersona, Nombre, Paterno, Materno, FechaNacimiento, Sexo) values (227, 'Jamaal', 'Stirman', 'Sherratt', '2007-01-04', 'M');
insert into Persona (IdPersona, Nombre, Paterno, Materno, FechaNacimiento, Sexo) values (228, 'Charlotta', 'MacPaik', 'Greenlees', '1969-02-11', 'F');
insert into Persona (IdPersona, Nombre, Paterno, Materno, FechaNacimiento, Sexo) values (229, 'Lorilyn', 'Raphael', 'Benoix', '1937-10-20', 'F');
insert into Persona (IdPersona, Nombre, Paterno, Materno, FechaNacimiento, Sexo) values (230, 'Adlai', 'Gorick', 'Geeraert', '1984-10-30', 'M');
insert into Persona (IdPersona, Nombre, Paterno, Materno, FechaNacimiento, Sexo) values (231, 'Salli', 'Hansel', 'McLeary', '1933-02-18', 'F');
insert into Persona (IdPersona, Nombre, Paterno, Materno, FechaNacimiento, Sexo) values (232, 'Rebecka', 'Segge', 'Humby', '1952-08-08', 'F');
insert into Persona (IdPersona, Nombre, Paterno, Materno, FechaNacimiento, Sexo) values (233, 'Kory', 'Lansdowne', 'Buttwell', '1928-10-15', 'M');
insert into Persona (IdPersona, Nombre, Paterno, Materno, FechaNacimiento, Sexo) values (234, 'Lea', 'Titman', 'Samwayes', '1998-06-23', 'F');
insert into Persona (IdPersona, Nombre, Paterno, Materno, FechaNacimiento, Sexo) values (235, 'Trixi', 'Blackah', 'Frick', '2009-08-19', 'F');
insert into Persona (IdPersona, Nombre, Paterno, Materno, FechaNacimiento, Sexo) values (236, 'Mohandas', 'Eskrigge', 'Dack', '1957-07-17', 'M');
insert into Persona (IdPersona, Nombre, Paterno, Materno, FechaNacimiento, Sexo) values (237, 'Brandice', 'Reolfi', 'Good', '1946-11-17', 'F');
insert into Persona (IdPersona, Nombre, Paterno, Materno, FechaNacimiento, Sexo) values (238, 'Barry', 'Woollin', 'Asche', '1943-03-17', 'F');
insert into Persona (IdPersona, Nombre, Paterno, Materno, FechaNacimiento, Sexo) values (239, 'Raymond', 'Cuskery', 'Wingrove', '1981-06-21', 'M');
insert into Persona (IdPersona, Nombre, Paterno, Materno, FechaNacimiento, Sexo) values (240, 'Melosa', 'Szantho', 'Nezey', '2000-06-04', 'F');
insert into Persona (IdPersona, Nombre, Paterno, Materno, FechaNacimiento, Sexo) values (241, 'Cinderella', 'Hinkensen', 'Whardley', '1967-12-30', 'F');
insert into Persona (IdPersona, Nombre, Paterno, Materno, FechaNacimiento, Sexo) values (242, 'Emlynn', 'Cavaney', 'Jozsika', '1981-03-10', 'F');
insert into Persona (IdPersona, Nombre, Paterno, Materno, FechaNacimiento, Sexo) values (243, 'Franklyn', 'Willatt', 'Heathcoat', '1955-07-23', 'M');
insert into Persona (IdPersona, Nombre, Paterno, Materno, FechaNacimiento, Sexo) values (244, 'Gothart', 'Berrill', 'Mullan', '1927-09-04', 'M');
insert into Persona (IdPersona, Nombre, Paterno, Materno, FechaNacimiento, Sexo) values (245, 'Monro', 'Hibbart', 'Gammell', '1975-04-13', 'M');
insert into Persona (IdPersona, Nombre, Paterno, Materno, FechaNacimiento, Sexo) values (246, 'Greg', 'Anselm', 'Eayrs', '1949-12-22', 'M');
insert into Persona (IdPersona, Nombre, Paterno, Materno, FechaNacimiento, Sexo) values (247, 'Tabby', 'Cauldfield', 'Kershow', '1931-04-10', 'M');
insert into Persona (IdPersona, Nombre, Paterno, Materno, FechaNacimiento, Sexo) values (248, 'Charil', 'Chadney', 'Kershow', '1987-01-12', 'F');
insert into Persona (IdPersona, Nombre, Paterno, Materno, FechaNacimiento, Sexo) values (249, 'Dionne', 'Brignall', 'Rudland', '1968-02-28', 'F');
insert into Persona (IdPersona, Nombre, Paterno, Materno, FechaNacimiento, Sexo) values (250, 'Avrom', 'Bachanski', 'Worsley', '1962-05-14', 'M');
insert into Persona (IdPersona, Nombre, Paterno, Materno, FechaNacimiento, Sexo) values (251, 'Evie', 'Alywin', 'McNeilley', '1995-09-30', 'F');
insert into Persona (IdPersona, Nombre, Paterno, Materno, FechaNacimiento, Sexo) values (252, 'Neal', 'Arntzen', 'Planke', '2008-07-13', 'M');
insert into Persona (IdPersona, Nombre, Paterno, Materno, FechaNacimiento, Sexo) values (253, 'Joyous', 'Di Pietro', 'Pear', '1995-08-05', 'F');
insert into Persona (IdPersona, Nombre, Paterno, Materno, FechaNacimiento, Sexo) values (254, 'Mariann', 'Dukelow', 'Colvie', '1970-08-17', 'F');
insert into Persona (IdPersona, Nombre, Paterno, Materno, FechaNacimiento, Sexo) values (255, 'Homerus', 'Schwandermann', 'Snoding', '1937-08-18', 'M');
insert into Persona (IdPersona, Nombre, Paterno, Materno, FechaNacimiento, Sexo) values (256, 'Kahlil', 'Kobisch', 'O'' Concannon', '1996-11-05', 'M');
insert into Persona (IdPersona, Nombre, Paterno, Materno, FechaNacimiento, Sexo) values (257, 'Cirstoforo', 'Matlock', 'Sugar', '1968-06-29', 'M');
insert into Persona (IdPersona, Nombre, Paterno, Materno, FechaNacimiento, Sexo) values (258, 'Hetti', 'Ranns', 'Wivell', '1925-06-25', 'F');
insert into Persona (IdPersona, Nombre, Paterno, Materno, FechaNacimiento, Sexo) values (259, 'Elroy', 'Tuttle', 'Hastie', '1945-09-04', 'M');
insert into Persona (IdPersona, Nombre, Paterno, Materno, FechaNacimiento, Sexo) values (260, 'Kyle', 'Rosenhaupt', 'Fennelow', '1985-02-05', 'F');
insert into Persona (IdPersona, Nombre, Paterno, Materno, FechaNacimiento, Sexo) values (261, 'Giacobo', 'Nelthorp', 'Barajas', '1946-06-07', 'M');
insert into Persona (IdPersona, Nombre, Paterno, Materno, FechaNacimiento, Sexo) values (262, 'Mora', 'Bondesen', 'Rillatt', '2005-08-31', 'F');
insert into Persona (IdPersona, Nombre, Paterno, Materno, FechaNacimiento, Sexo) values (263, 'Ingaberg', 'Robecon', 'Aleshintsev', '1984-01-09', 'F');
insert into Persona (IdPersona, Nombre, Paterno, Materno, FechaNacimiento, Sexo) values (264, 'Evania', 'Poston', 'Dunnett', '1969-04-01', 'F');
insert into Persona (IdPersona, Nombre, Paterno, Materno, FechaNacimiento, Sexo) values (265, 'Terrill', 'Di Filippo', 'Matteo', '1977-01-30', 'M');
insert into Persona (IdPersona, Nombre, Paterno, Materno, FechaNacimiento, Sexo) values (266, 'Travers', 'Ranken', 'Pourvoieur', '1934-10-03', 'M');
insert into Persona (IdPersona, Nombre, Paterno, Materno, FechaNacimiento, Sexo) values (267, 'Delphinia', 'Cordel', 'Capey', '2003-07-05', 'F');
insert into Persona (IdPersona, Nombre, Paterno, Materno, FechaNacimiento, Sexo) values (268, 'Humphrey', 'Illes', 'Podd', '1989-04-17', 'M');
insert into Persona (IdPersona, Nombre, Paterno, Materno, FechaNacimiento, Sexo) values (269, 'Steven', 'Kave', 'Lamberteschi', '1946-03-12', 'M');
insert into Persona (IdPersona, Nombre, Paterno, Materno, FechaNacimiento, Sexo) values (270, 'Josephine', 'Abrahamson', 'Elsbury', '1993-11-04', 'F');
insert into Persona (IdPersona, Nombre, Paterno, Materno, FechaNacimiento, Sexo) values (271, 'Olia', 'Seydlitz', 'Millier', '1951-04-20', 'F');
insert into Persona (IdPersona, Nombre, Paterno, Materno, FechaNacimiento, Sexo) values (272, 'Gonzalo', 'Abernethy', 'De Bischop', '1970-03-25', 'M');
insert into Persona (IdPersona, Nombre, Paterno, Materno, FechaNacimiento, Sexo) values (273, 'Jammal', 'Tantrum', 'Andreone', '1947-11-28', 'M');
insert into Persona (IdPersona, Nombre, Paterno, Materno, FechaNacimiento, Sexo) values (274, 'Cathie', 'Nourse', 'Evett', '1962-06-20', 'F');
insert into Persona (IdPersona, Nombre, Paterno, Materno, FechaNacimiento, Sexo) values (275, 'Dacie', 'Jamson', 'Windress', '1980-10-20', 'F');
insert into Persona (IdPersona, Nombre, Paterno, Materno, FechaNacimiento, Sexo) values (276, 'Nell', 'Tromans', 'Baily', '1985-08-10', 'F');
insert into Persona (IdPersona, Nombre, Paterno, Materno, FechaNacimiento, Sexo) values (277, 'Niels', 'Skipsea', 'Whatford', '1998-07-19', 'M');
insert into Persona (IdPersona, Nombre, Paterno, Materno, FechaNacimiento, Sexo) values (278, 'Casi', 'Glaum', 'Kynder', '1999-07-03', 'F');
insert into Persona (IdPersona, Nombre, Paterno, Materno, FechaNacimiento, Sexo) values (279, 'Hugo', 'Greggor', 'Thicking', '1989-03-01', 'M');
insert into Persona (IdPersona, Nombre, Paterno, Materno, FechaNacimiento, Sexo) values (280, 'Fran', 'Eyers', 'MacVean', '1921-09-25', 'F');
insert into Persona (IdPersona, Nombre, Paterno, Materno, FechaNacimiento, Sexo) values (281, 'Cassondra', 'Mound', 'Jellicorse', '1963-02-15', 'F');
insert into Persona (IdPersona, Nombre, Paterno, Materno, FechaNacimiento, Sexo) values (282, 'Zack', 'Stillmann', 'Meiklejohn', '2010-08-22', 'M');
insert into Persona (IdPersona, Nombre, Paterno, Materno, FechaNacimiento, Sexo) values (283, 'Grove', 'Iacomettii', 'Maffia', '1985-05-27', 'M');
insert into Persona (IdPersona, Nombre, Paterno, Materno, FechaNacimiento, Sexo) values (284, 'Peirce', 'Paris', 'Axcell', '1989-11-13', 'M');
insert into Persona (IdPersona, Nombre, Paterno, Materno, FechaNacimiento, Sexo) values (285, 'Marshal', 'Bewshea', 'Jacobs', '1954-09-13', 'M');
insert into Persona (IdPersona, Nombre, Paterno, Materno, FechaNacimiento, Sexo) values (286, 'Basile', 'Cavendish', 'Adamovsky', '1980-04-09', 'M');
insert into Persona (IdPersona, Nombre, Paterno, Materno, FechaNacimiento, Sexo) values (287, 'Candice', 'Glendining', 'Cazalet', '1934-12-28', 'F');
insert into Persona (IdPersona, Nombre, Paterno, Materno, FechaNacimiento, Sexo) values (288, 'Tonnie', 'Kilbourne', 'Claussen', '2009-09-25', 'M');
insert into Persona (IdPersona, Nombre, Paterno, Materno, FechaNacimiento, Sexo) values (289, 'Dodi', 'McPaike', 'Hinrich', '1998-02-11', 'F');
insert into Persona (IdPersona, Nombre, Paterno, Materno, FechaNacimiento, Sexo) values (290, 'Robert', 'Farncomb', 'Bagby', '1943-09-06', 'F');
insert into Persona (IdPersona, Nombre, Paterno, Materno, FechaNacimiento, Sexo) values (291, 'Hester', 'Moutray Read', 'Ortet', '1993-10-19', 'F');
insert into Persona (IdPersona, Nombre, Paterno, Materno, FechaNacimiento, Sexo) values (292, 'Hurlee', 'Tokley', 'Toombs', '1933-10-18', 'M');
insert into Persona (IdPersona, Nombre, Paterno, Materno, FechaNacimiento, Sexo) values (293, 'Joseph', 'Bernard', 'Gandley', '1941-05-10', 'M');
insert into Persona (IdPersona, Nombre, Paterno, Materno, FechaNacimiento, Sexo) values (294, 'Abraham', 'Keggins', 'Mountjoy', '1995-08-14', 'M');
insert into Persona (IdPersona, Nombre, Paterno, Materno, FechaNacimiento, Sexo) values (295, 'Roseline', 'Davidofski', 'Brumble', '1968-11-15', 'F');
insert into Persona (IdPersona, Nombre, Paterno, Materno, FechaNacimiento, Sexo) values (296, 'Juliette', 'Jarville', 'Hoopper', '1974-02-12', 'F');
insert into Persona (IdPersona, Nombre, Paterno, Materno, FechaNacimiento, Sexo) values (297, 'Anthiathia', 'Palombi', 'Corthes', '1961-07-17', 'F');
insert into Persona (IdPersona, Nombre, Paterno, Materno, FechaNacimiento, Sexo) values (298, 'Lester', 'Lyddy', 'Dobie', '1940-07-19', 'M');
insert into Persona (IdPersona, Nombre, Paterno, Materno, FechaNacimiento, Sexo) values (299, 'Allissa', 'Barrett', 'Tewkesbury', '1997-08-12', 'F');
insert into Persona (IdPersona, Nombre, Paterno, Materno, FechaNacimiento, Sexo) values (300, 'Alwin', 'Newtown', 'Christy', '1973-06-23', 'M');

-- INSERCIONES A EMPLEADO
insert into Empleado (IdPersona, IdEmpleado, Ciudad, Calle, Colonia, CP, NoExterior, NoInterior) values (1, 1, 'Waywood', '44723 Southridge Pass', 'Village', 43799, 233, 42);
insert into Empleado (IdPersona, IdEmpleado, Ciudad, Calle, Colonia, CP, NoExterior, NoInterior) values (2, 2, 'Thompson', '746 Maple Wood Drive', 'Mayer', 21257, 322, 79);
insert into Empleado (IdPersona, IdEmpleado, Ciudad, Calle, Colonia, CP, NoExterior, NoInterior) values (3, 3, 'Vidon', '9 Sauthoff Way', 'Redwing', 45211, 251, 24);
insert into Empleado (IdPersona, IdEmpleado, Ciudad, Calle, Colonia, CP, NoExterior, NoInterior) values (4, 4, 'Jana', '66711 Judy Hill', 'Derek', 99799, 422, null);
insert into Empleado (IdPersona, IdEmpleado, Ciudad, Calle, Colonia, CP, NoExterior, NoInterior) values (5, 5, 'Forest', '9117 Buhler Point', 'Jackson', 56353, 220, null);
insert into Empleado (IdPersona, IdEmpleado, Ciudad, Calle, Colonia, CP, NoExterior, NoInterior) values (6, 6, 'Hoffman', '8339 Manley Hill', 'Trailsway', 65062, 446, 39);
insert into Empleado (IdPersona, IdEmpleado, Ciudad, Calle, Colonia, CP, NoExterior, NoInterior) values (7, 7, 'Delaware', '24 Lerdahl Plaza', 'Granby', 99329, 278, 57);
insert into Empleado (IdPersona, IdEmpleado, Ciudad, Calle, Colonia, CP, NoExterior, NoInterior) values (8, 8, 'Truax', '49 Ryan Hill', 'Clyde Gallagher', 29245, 12, 67);
insert into Empleado (IdPersona, IdEmpleado, Ciudad, Calle, Colonia, CP, NoExterior, NoInterior) values (9, 9, 'Dawn', '9 Waxwing Avenue', 'Cardinal', 91192, 410, null);
insert into Empleado (IdPersona, IdEmpleado, Ciudad, Calle, Colonia, CP, NoExterior, NoInterior) values (10, 10, 'Main', '6075 Tennyson Pass', 'Tennessee', 80269, 419, null);
insert into Empleado (IdPersona, IdEmpleado, Ciudad, Calle, Colonia, CP, NoExterior, NoInterior) values (11, 11, 'Tennessee', '25093 Moose Street', 'Melby', 80434, 284, 62);
insert into Empleado (IdPersona, IdEmpleado, Ciudad, Calle, Colonia, CP, NoExterior, NoInterior) values (12, 12, 'Hintze', '130 Talmadge Way', 'Ridge Oak', 10484, 342, null);
insert into Empleado (IdPersona, IdEmpleado, Ciudad, Calle, Colonia, CP, NoExterior, NoInterior) values (13, 13, 'Washington', '41 Reinke Crossing', 'Butternut', 57633, 459, 93);
insert into Empleado (IdPersona, IdEmpleado, Ciudad, Calle, Colonia, CP, NoExterior, NoInterior) values (14, 14, 'Stephen', '810 Hovde Avenue', 'Nelson', 71875, 203, null);
insert into Empleado (IdPersona, IdEmpleado, Ciudad, Calle, Colonia, CP, NoExterior, NoInterior) values (15, 15, 'Bunker Hill', '19631 Talmadge Terrace', 'Kim', 20036, 326, 74);
insert into Empleado (IdPersona, IdEmpleado, Ciudad, Calle, Colonia, CP, NoExterior, NoInterior) values (16, 16, 'Northridge', '86121 Kropf Circle', 'New Castle', 22768, 208, 87);
insert into Empleado (IdPersona, IdEmpleado, Ciudad, Calle, Colonia, CP, NoExterior, NoInterior) values (17, 17, 'Summer Ridge', '471 Caliangt Circle', 'Anhalt', 87976, 20, null);
insert into Empleado (IdPersona, IdEmpleado, Ciudad, Calle, Colonia, CP, NoExterior, NoInterior) values (18, 18, 'Burning Wood', '0 Stang Terrace', 'Myrtle', 79583, 221, 73);
insert into Empleado (IdPersona, IdEmpleado, Ciudad, Calle, Colonia, CP, NoExterior, NoInterior) values (19, 19, 'Golf', '211 High Crossing Trail', 'Raven', 72991, 254, 13);
insert into Empleado (IdPersona, IdEmpleado, Ciudad, Calle, Colonia, CP, NoExterior, NoInterior) values (20, 20, 'Nevada', '275 Prairieview Trail', 'Melby', 75093, 108, 29);
insert into Empleado (IdPersona, IdEmpleado, Ciudad, Calle, Colonia, CP, NoExterior, NoInterior) values (21, 21, 'Union', '7320 Holy Cross Circle', 'Parkside', 54623, 123, 56);
insert into Empleado (IdPersona, IdEmpleado, Ciudad, Calle, Colonia, CP, NoExterior, NoInterior) values (22, 22, 'Eagle Crest', '29 Golden Leaf Court', 'Caliangt', 76326, 335, 80);
insert into Empleado (IdPersona, IdEmpleado, Ciudad, Calle, Colonia, CP, NoExterior, NoInterior) values (23, 23, 'Oriole', '0367 Mendota Avenue', 'Cascade', 78898, 348, 13);
insert into Empleado (IdPersona, IdEmpleado, Ciudad, Calle, Colonia, CP, NoExterior, NoInterior) values (24, 24, 'Hansons', '826 Roth Trail', 'Fieldstone', 88378, 108, 79);
insert into Empleado (IdPersona, IdEmpleado, Ciudad, Calle, Colonia, CP, NoExterior, NoInterior) values (25, 25, '3rd', '242 Talisman Court', 'Kinsman', 40741, 34, 29);
insert into Empleado (IdPersona, IdEmpleado, Ciudad, Calle, Colonia, CP, NoExterior, NoInterior) values (26, 26, 'Commercial', '403 Shasta Alley', 'Darwin', 40692, 455, 6);
insert into Empleado (IdPersona, IdEmpleado, Ciudad, Calle, Colonia, CP, NoExterior, NoInterior) values (27, 27, 'Katie', '456 Crowley Trail', 'Sauthoff', 40569, 27, null);
insert into Empleado (IdPersona, IdEmpleado, Ciudad, Calle, Colonia, CP, NoExterior, NoInterior) values (28, 28, 'La Follette', '23 Amoth Way', 'Russell', 18041, 467, null);
insert into Empleado (IdPersona, IdEmpleado, Ciudad, Calle, Colonia, CP, NoExterior, NoInterior) values (29, 29, 'Harbort', '860 Hooker Drive', 'Michigan', 96339, 182, 72);
insert into Empleado (IdPersona, IdEmpleado, Ciudad, Calle, Colonia, CP, NoExterior, NoInterior) values (30, 30, 'Lukken', '3843 Summerview Avenue', 'Nevada', 26475, 122, null);
insert into Empleado (IdPersona, IdEmpleado, Ciudad, Calle, Colonia, CP, NoExterior, NoInterior) values (31, 31, 'Continental', '96797 Anniversary Lane', 'Lakewood', 73765, 154, 47);
insert into Empleado (IdPersona, IdEmpleado, Ciudad, Calle, Colonia, CP, NoExterior, NoInterior) values (32, 32, 'Lighthouse Bay', '619 Crest Line Lane', 'Caliangt', 79869, 331, 51);
insert into Empleado (IdPersona, IdEmpleado, Ciudad, Calle, Colonia, CP, NoExterior, NoInterior) values (33, 33, 'Pepper Wood', '4 Towne Place', 'Gulseth', 70290, 197, 100);
insert into Empleado (IdPersona, IdEmpleado, Ciudad, Calle, Colonia, CP, NoExterior, NoInterior) values (34, 34, 'Pine View', '063 Kedzie Road', 'Sycamore', 69646, 163, 48);
insert into Empleado (IdPersona, IdEmpleado, Ciudad, Calle, Colonia, CP, NoExterior, NoInterior) values (35, 35, 'Starling', '1269 Hallows Circle', 'Warner', 33126, 264, 17);
insert into Empleado (IdPersona, IdEmpleado, Ciudad, Calle, Colonia, CP, NoExterior, NoInterior) values (36, 36, 'Sage', '0806 Sutherland Drive', 'La Follette', 48762, 236, 24);
insert into Empleado (IdPersona, IdEmpleado, Ciudad, Calle, Colonia, CP, NoExterior, NoInterior) values (37, 37, 'Darwin', '773 Kipling Pass', 'Vidon', 80633, 279, 30);
insert into Empleado (IdPersona, IdEmpleado, Ciudad, Calle, Colonia, CP, NoExterior, NoInterior) values (38, 38, 'Texas', '1 Mockingbird Circle', 'Bultman', 44233, 237, 89);
insert into Empleado (IdPersona, IdEmpleado, Ciudad, Calle, Colonia, CP, NoExterior, NoInterior) values (39, 39, 'Bluejay', '36 Veith Terrace', 'American Ash', 66530, 397, 10);
insert into Empleado (IdPersona, IdEmpleado, Ciudad, Calle, Colonia, CP, NoExterior, NoInterior) values (40, 40, 'Tennessee', '0 Dryden Plaza', 'Duke', 44307, 207, 80);
insert into Empleado (IdPersona, IdEmpleado, Ciudad, Calle, Colonia, CP, NoExterior, NoInterior) values (41, 41, 'Autumn Leaf', '5708 Grasskamp Circle', 'Sunbrook', 60474, 375, 75);
insert into Empleado (IdPersona, IdEmpleado, Ciudad, Calle, Colonia, CP, NoExterior, NoInterior) values (42, 42, 'Autumn Leaf', '045 Loftsgordon Pass', 'Delladonna', 55219, 61, 73);
insert into Empleado (IdPersona, IdEmpleado, Ciudad, Calle, Colonia, CP, NoExterior, NoInterior) values (43, 43, 'Arkansas', '73179 Sycamore Terrace', 'Gale', 52923, 460, 56);
insert into Empleado (IdPersona, IdEmpleado, Ciudad, Calle, Colonia, CP, NoExterior, NoInterior) values (44, 44, 'Roxbury', '023 Maryland Crossing', 'Hauk', 34399, 22, 40);
insert into Empleado (IdPersona, IdEmpleado, Ciudad, Calle, Colonia, CP, NoExterior, NoInterior) values (45, 45, 'Charing Cross', '3 Sunbrook Junction', 'Stephen', 97038, 77, 98);
insert into Empleado (IdPersona, IdEmpleado, Ciudad, Calle, Colonia, CP, NoExterior, NoInterior) values (46, 46, 'Elka', '0547 Dixon Pass', 'Green', 67205, 175, 67);
insert into Empleado (IdPersona, IdEmpleado, Ciudad, Calle, Colonia, CP, NoExterior, NoInterior) values (47, 47, 'John Wall', '444 Sunfield Circle', 'Farmco', 49109, 415, null);
insert into Empleado (IdPersona, IdEmpleado, Ciudad, Calle, Colonia, CP, NoExterior, NoInterior) values (48, 48, 'Upham', '63 Calypso Way', 'Melrose', 16111, 482, 67);
insert into Empleado (IdPersona, IdEmpleado, Ciudad, Calle, Colonia, CP, NoExterior, NoInterior) values (49, 49, 'Claremont', '6 Meadow Valley Plaza', 'Valley Edge', 51267, 261, 93);
insert into Empleado (IdPersona, IdEmpleado, Ciudad, Calle, Colonia, CP, NoExterior, NoInterior) values (50, 50, 'Marquette', '665 Maple Wood Terrace', 'Coolidge', 96653, 452, 70);
insert into Empleado (IdPersona, IdEmpleado, Ciudad, Calle, Colonia, CP, NoExterior, NoInterior) values (51, 51, 'Mallard', '5879 Boyd Lane', 'Loeprich', 31742, 432, null);
insert into Empleado (IdPersona, IdEmpleado, Ciudad, Calle, Colonia, CP, NoExterior, NoInterior) values (52, 52, 'Manufacturers', '1205 Dayton Park', 'Carberry', 82025, 66, null);
insert into Empleado (IdPersona, IdEmpleado, Ciudad, Calle, Colonia, CP, NoExterior, NoInterior) values (53, 53, 'Badeau', '9831 Lindbergh Avenue', 'Schurz', 42612, 353, 25);
insert into Empleado (IdPersona, IdEmpleado, Ciudad, Calle, Colonia, CP, NoExterior, NoInterior) values (54, 54, 'Welch', '5 Muir Junction', 'Trailsway', 42350, 319, 41);
insert into Empleado (IdPersona, IdEmpleado, Ciudad, Calle, Colonia, CP, NoExterior, NoInterior) values (55, 55, 'Continental', '43 Pepper Wood Junction', 'Victoria', 99289, 154, 14);
insert into Empleado (IdPersona, IdEmpleado, Ciudad, Calle, Colonia, CP, NoExterior, NoInterior) values (56, 56, 'Dawn', '4321 Pawling Park', 'Bowman', 51914, 112, 9);
insert into Empleado (IdPersona, IdEmpleado, Ciudad, Calle, Colonia, CP, NoExterior, NoInterior) values (57, 57, 'Dunning', '19 Scoville Hill', 'Texas', 20197, 414, null);
insert into Empleado (IdPersona, IdEmpleado, Ciudad, Calle, Colonia, CP, NoExterior, NoInterior) values (58, 58, 'Messerschmidt', '41356 Killdeer Court', 'Autumn Leaf', 98623, 472, 1);
insert into Empleado (IdPersona, IdEmpleado, Ciudad, Calle, Colonia, CP, NoExterior, NoInterior) values (59, 59, 'Steensland', '7612 Florence Parkway', 'Katie', 93340, 485, 34);
insert into Empleado (IdPersona, IdEmpleado, Ciudad, Calle, Colonia, CP, NoExterior, NoInterior) values (60, 60, 'Linden', '1534 Morrow Hill', 'Corben', 48801, 478, null);
insert into Empleado (IdPersona, IdEmpleado, Ciudad, Calle, Colonia, CP, NoExterior, NoInterior) values (61, 61, 'Arrowood', '8790 Continental Road', 'Ilene', 63842, 57, 65);
insert into Empleado (IdPersona, IdEmpleado, Ciudad, Calle, Colonia, CP, NoExterior, NoInterior) values (62, 62, 'Lindbergh', '611 Blackbird Lane', 'Warner', 82166, 22, 93);
insert into Empleado (IdPersona, IdEmpleado, Ciudad, Calle, Colonia, CP, NoExterior, NoInterior) values (63, 63, 'Clemons', '6 Onsgard Junction', 'Coleman', 79383, 454, 44);
insert into Empleado (IdPersona, IdEmpleado, Ciudad, Calle, Colonia, CP, NoExterior, NoInterior) values (64, 64, 'Logan', '153 Shoshone Street', 'Forster', 61799, 306, 9);
insert into Empleado (IdPersona, IdEmpleado, Ciudad, Calle, Colonia, CP, NoExterior, NoInterior) values (65, 65, 'Victoria', '12 8th Trail', 'Almo', 20682, 418, 89);
insert into Empleado (IdPersona, IdEmpleado, Ciudad, Calle, Colonia, CP, NoExterior, NoInterior) values (66, 66, 'Saint Paul', '77963 Fallview Point', 'Shelley', 24901, 453, 93);
insert into Empleado (IdPersona, IdEmpleado, Ciudad, Calle, Colonia, CP, NoExterior, NoInterior) values (67, 67, 'Express', '72169 Dottie Road', 'Talisman', 74478, 355, null);
insert into Empleado (IdPersona, IdEmpleado, Ciudad, Calle, Colonia, CP, NoExterior, NoInterior) values (68, 68, 'Veith', '60722 Lotheville Place', 'Talmadge', 12597, 322, 67);
insert into Empleado (IdPersona, IdEmpleado, Ciudad, Calle, Colonia, CP, NoExterior, NoInterior) values (69, 69, 'Morningstar', '591 Oak Circle', 'Onsgard', 71502, 471, 83);
insert into Empleado (IdPersona, IdEmpleado, Ciudad, Calle, Colonia, CP, NoExterior, NoInterior) values (70, 70, 'Continental', '4829 Helena Center', 'Kipling', 47564, 344, 42);
insert into Empleado (IdPersona, IdEmpleado, Ciudad, Calle, Colonia, CP, NoExterior, NoInterior) values (71, 71, '6th', '79757 Sugar Pass', 'Badeau', 43507, 199, 45);
insert into Empleado (IdPersona, IdEmpleado, Ciudad, Calle, Colonia, CP, NoExterior, NoInterior) values (72, 72, 'Hollow Ridge', '64 Erie Circle', 'Sheridan', 50596, 277, 69);
insert into Empleado (IdPersona, IdEmpleado, Ciudad, Calle, Colonia, CP, NoExterior, NoInterior) values (73, 73, 'Bayside', '11 Columbus Point', 'Tomscot', 32404, 366, 99);
insert into Empleado (IdPersona, IdEmpleado, Ciudad, Calle, Colonia, CP, NoExterior, NoInterior) values (74, 74, 'Cherokee', '7 Namekagon Drive', 'Warrior', 48152, 41, 65);
insert into Empleado (IdPersona, IdEmpleado, Ciudad, Calle, Colonia, CP, NoExterior, NoInterior) values (75, 75, 'Crest Line', '89908 Huxley Center', 'Eagan', 52220, 14, 70);
insert into Empleado (IdPersona, IdEmpleado, Ciudad, Calle, Colonia, CP, NoExterior, NoInterior) values (76, 76, 'Kennedy', '06 Meadow Vale Terrace', 'Jenna', 77418, 43, 81);
insert into Empleado (IdPersona, IdEmpleado, Ciudad, Calle, Colonia, CP, NoExterior, NoInterior) values (77, 77, 'Spohn', '80 Shelley Way', 'Eastlawn', 82244, 471, 62);
insert into Empleado (IdPersona, IdEmpleado, Ciudad, Calle, Colonia, CP, NoExterior, NoInterior) values (78, 78, 'Ludington', '56187 Summit Way', 'Anthes', 17319, 152, 76);
insert into Empleado (IdPersona, IdEmpleado, Ciudad, Calle, Colonia, CP, NoExterior, NoInterior) values (79, 79, 'Rigney', '05 Bellgrove Avenue', 'Maryland', 37685, 4, null);
insert into Empleado (IdPersona, IdEmpleado, Ciudad, Calle, Colonia, CP, NoExterior, NoInterior) values (80, 80, 'Aberg', '92 Schlimgen Point', 'Acker', 14123, 86, null);
insert into Empleado (IdPersona, IdEmpleado, Ciudad, Calle, Colonia, CP, NoExterior, NoInterior) values (81, 81, 'Hovde', '05 Bunting Place', 'Lyons', 64503, 318, 24);
insert into Empleado (IdPersona, IdEmpleado, Ciudad, Calle, Colonia, CP, NoExterior, NoInterior) values (82, 82, 'Schiller', '0420 Moland Plaza', 'Bobwhite', 44642, 370, null);
insert into Empleado (IdPersona, IdEmpleado, Ciudad, Calle, Colonia, CP, NoExterior, NoInterior) values (83, 83, 'Mitchell', '0301 Northport Alley', 'Bluestem', 66601, 4, 73);
insert into Empleado (IdPersona, IdEmpleado, Ciudad, Calle, Colonia, CP, NoExterior, NoInterior) values (84, 84, 'Anderson', '482 Reindahl Point', 'Golden Leaf', 74036, 153, 88);
insert into Empleado (IdPersona, IdEmpleado, Ciudad, Calle, Colonia, CP, NoExterior, NoInterior) values (85, 85, 'West', '88 Oak Junction', 'Corben', 10758, 26, 100);
insert into Empleado (IdPersona, IdEmpleado, Ciudad, Calle, Colonia, CP, NoExterior, NoInterior) values (86, 86, 'Fallview', '5489 1st Trail', 'Carey', 14845, 403, 72);
insert into Empleado (IdPersona, IdEmpleado, Ciudad, Calle, Colonia, CP, NoExterior, NoInterior) values (87, 87, 'Stuart', '101 Cody Park', 'Main', 40145, 28, 75);
insert into Empleado (IdPersona, IdEmpleado, Ciudad, Calle, Colonia, CP, NoExterior, NoInterior) values (88, 88, 'Northwestern', '05414 Laurel Avenue', 'Leroy', 61332, 345, 96);
insert into Empleado (IdPersona, IdEmpleado, Ciudad, Calle, Colonia, CP, NoExterior, NoInterior) values (89, 89, 'Spenser', '806 Eastwood Alley', 'Novick', 20281, 407, 31);
insert into Empleado (IdPersona, IdEmpleado, Ciudad, Calle, Colonia, CP, NoExterior, NoInterior) values (90, 90, 'Namekagon', '86 Waxwing Street', '7th', 42433, 241, 36);
insert into Empleado (IdPersona, IdEmpleado, Ciudad, Calle, Colonia, CP, NoExterior, NoInterior) values (91, 91, 'Hovde', '180 Mesta Parkway', 'Red Cloud', 57999, 58, 60);
insert into Empleado (IdPersona, IdEmpleado, Ciudad, Calle, Colonia, CP, NoExterior, NoInterior) values (92, 92, 'Debra', '7753 Farwell Street', 'Nova', 64901, 140, 14);
insert into Empleado (IdPersona, IdEmpleado, Ciudad, Calle, Colonia, CP, NoExterior, NoInterior) values (93, 93, 'Anderson', '031 Thackeray Lane', 'Springs', 85011, 234, 67);
insert into Empleado (IdPersona, IdEmpleado, Ciudad, Calle, Colonia, CP, NoExterior, NoInterior) values (94, 94, 'Basil', '879 Manitowish Drive', 'Waywood', 50080, 56, 56);
insert into Empleado (IdPersona, IdEmpleado, Ciudad, Calle, Colonia, CP, NoExterior, NoInterior) values (95, 95, 'Artisan', '45220 Grover Park', 'Gina', 22403, 371, null);
insert into Empleado (IdPersona, IdEmpleado, Ciudad, Calle, Colonia, CP, NoExterior, NoInterior) values (96, 96, 'Hallows', '41 Aberg Court', 'Scott', 85511, 167, 96);
insert into Empleado (IdPersona, IdEmpleado, Ciudad, Calle, Colonia, CP, NoExterior, NoInterior) values (97, 97, 'Paget', '51671 Burning Wood Center', 'Main', 20175, 312, 89);
insert into Empleado (IdPersona, IdEmpleado, Ciudad, Calle, Colonia, CP, NoExterior, NoInterior) values (98, 98, 'Redwing', '6 Barby Parkway', 'Meadow Ridge', 32857, 361, 99);
insert into Empleado (IdPersona, IdEmpleado, Ciudad, Calle, Colonia, CP, NoExterior, NoInterior) values (99, 99, 'Straubel', '1756 Victoria Pass', 'Schiller', 20187, 489, null);
insert into Empleado (IdPersona, IdEmpleado, Ciudad, Calle, Colonia, CP, NoExterior, NoInterior) values (100, 100, 'Northport', '06 Oak Hill', 'Hagan', 61465, 453, 29);
insert into Empleado (IdPersona, IdEmpleado, Ciudad, Calle, Colonia, CP, NoExterior, NoInterior) values (101, 101, 'Nobel', '16 Everett Hill', 'Almo', 55343, 408, 15);
insert into Empleado (IdPersona, IdEmpleado, Ciudad, Calle, Colonia, CP, NoExterior, NoInterior) values (102, 102, 'Cody', '0 Old Gate Plaza', 'Duke', 57773, 405, 98);
insert into Empleado (IdPersona, IdEmpleado, Ciudad, Calle, Colonia, CP, NoExterior, NoInterior) values (103, 103, 'Waywood', '08 Vera Crossing', 'Tennessee', 30755, 90, null);
insert into Empleado (IdPersona, IdEmpleado, Ciudad, Calle, Colonia, CP, NoExterior, NoInterior) values (104, 104, 'Dexter', '4 Mandrake Avenue', 'Dorton', 29483, 198, 76);
insert into Empleado (IdPersona, IdEmpleado, Ciudad, Calle, Colonia, CP, NoExterior, NoInterior) values (105, 105, 'Judy', '56526 Mandrake Lane', 'Doe Crossing', 81720, 311, 42);
insert into Empleado (IdPersona, IdEmpleado, Ciudad, Calle, Colonia, CP, NoExterior, NoInterior) values (106, 106, 'Almo', '420 Commercial Crossing', 'Knutson', 25873, 358, 60);
insert into Empleado (IdPersona, IdEmpleado, Ciudad, Calle, Colonia, CP, NoExterior, NoInterior) values (107, 107, 'Merchant', '254 Tennessee Point', 'Buena Vista', 50410, 140, 84);
insert into Empleado (IdPersona, IdEmpleado, Ciudad, Calle, Colonia, CP, NoExterior, NoInterior) values (108, 108, 'Barnett', '48318 Golf View Point', 'New Castle', 66616, 499, 19);
insert into Empleado (IdPersona, IdEmpleado, Ciudad, Calle, Colonia, CP, NoExterior, NoInterior) values (109, 109, 'Oakridge', '8664 Everett Lane', 'Grim', 98837, 54, null);
insert into Empleado (IdPersona, IdEmpleado, Ciudad, Calle, Colonia, CP, NoExterior, NoInterior) values (110, 110, 'Rutledge', '8 Meadow Vale Way', 'Tony', 92083, 437, 52);
insert into Empleado (IdPersona, IdEmpleado, Ciudad, Calle, Colonia, CP, NoExterior, NoInterior) values (111, 111, 'Burning Wood', '023 Corben Park', 'Goodland', 80057, 485, 88);
insert into Empleado (IdPersona, IdEmpleado, Ciudad, Calle, Colonia, CP, NoExterior, NoInterior) values (112, 112, 'Redwing', '1349 Nova Road', 'Tennyson', 54510, 205, 11);
insert into Empleado (IdPersona, IdEmpleado, Ciudad, Calle, Colonia, CP, NoExterior, NoInterior) values (113, 113, 'Lakeland', '670 Logan Avenue', 'Waxwing', 87403, 162, 15);
insert into Empleado (IdPersona, IdEmpleado, Ciudad, Calle, Colonia, CP, NoExterior, NoInterior) values (114, 114, 'Coolidge', '5067 Dawn Circle', 'Havey', 22648, 365, null);
insert into Empleado (IdPersona, IdEmpleado, Ciudad, Calle, Colonia, CP, NoExterior, NoInterior) values (115, 115, 'Upham', '22 Scoville Street', 'Bowman', 11289, 467, 83);
insert into Empleado (IdPersona, IdEmpleado, Ciudad, Calle, Colonia, CP, NoExterior, NoInterior) values (116, 116, 'Parkside', '7978 Holmberg Drive', 'Toban', 76801, 148, 7);
insert into Empleado (IdPersona, IdEmpleado, Ciudad, Calle, Colonia, CP, NoExterior, NoInterior) values (117, 117, 'Village', '3349 East Drive', 'Springs', 46885, 181, 27);
insert into Empleado (IdPersona, IdEmpleado, Ciudad, Calle, Colonia, CP, NoExterior, NoInterior) values (118, 118, 'Summit', '4 Tennessee Point', 'Pennsylvania', 63239, 303, null);
insert into Empleado (IdPersona, IdEmpleado, Ciudad, Calle, Colonia, CP, NoExterior, NoInterior) values (119, 119, 'Parkside', '4 Sullivan Way', '1st', 95580, 190, 69);
insert into Empleado (IdPersona, IdEmpleado, Ciudad, Calle, Colonia, CP, NoExterior, NoInterior) values (120, 120, 'Twin Pines', '3 Eagan Court', 'Upham', 99685, 493, 7);
insert into Empleado (IdPersona, IdEmpleado, Ciudad, Calle, Colonia, CP, NoExterior, NoInterior) values (121, 121, 'Warner', '35579 Larry Trail', 'Armistice', 48593, 235, 2);
insert into Empleado (IdPersona, IdEmpleado, Ciudad, Calle, Colonia, CP, NoExterior, NoInterior) values (122, 122, 'Badeau', '871 Schmedeman Court', 'Becker', 49950, 396, 78);
insert into Empleado (IdPersona, IdEmpleado, Ciudad, Calle, Colonia, CP, NoExterior, NoInterior) values (123, 123, 'Alpine', '50161 Florence Crossing', 'Surrey', 46276, 220, 75);
insert into Empleado (IdPersona, IdEmpleado, Ciudad, Calle, Colonia, CP, NoExterior, NoInterior) values (124, 124, 'Shasta', '1 Lukken Plaza', 'Moulton', 73121, 63, 16);
insert into Empleado (IdPersona, IdEmpleado, Ciudad, Calle, Colonia, CP, NoExterior, NoInterior) values (125, 125, 'Packers', '6 Buell Way', 'Graedel', 64233, 493, null);
insert into Empleado (IdPersona, IdEmpleado, Ciudad, Calle, Colonia, CP, NoExterior, NoInterior) values (126, 126, 'Valley Edge', '0 Stephen Parkway', 'Westridge', 66885, 34, 93);
insert into Empleado (IdPersona, IdEmpleado, Ciudad, Calle, Colonia, CP, NoExterior, NoInterior) values (127, 127, 'Declaration', '22921 Schlimgen Road', 'Sycamore', 30902, 433, 13);
insert into Empleado (IdPersona, IdEmpleado, Ciudad, Calle, Colonia, CP, NoExterior, NoInterior) values (128, 128, 'Butternut', '101 Swallow Parkway', 'Gina', 43378, 156, null);
insert into Empleado (IdPersona, IdEmpleado, Ciudad, Calle, Colonia, CP, NoExterior, NoInterior) values (129, 129, 'Crownhardt', '742 West Center', 'Service', 20333, 431, null);
insert into Empleado (IdPersona, IdEmpleado, Ciudad, Calle, Colonia, CP, NoExterior, NoInterior) values (130, 130, 'Pine View', '2 Pennsylvania Alley', 'Farmco', 49467, 366, 31);
insert into Empleado (IdPersona, IdEmpleado, Ciudad, Calle, Colonia, CP, NoExterior, NoInterior) values (131, 131, 'Roth', '73880 Lotheville Trail', 'Acker', 56744, 442, 35);
insert into Empleado (IdPersona, IdEmpleado, Ciudad, Calle, Colonia, CP, NoExterior, NoInterior) values (132, 132, 'Stephen', '633 Springs Parkway', 'Michigan', 17580, 223, 14);
insert into Empleado (IdPersona, IdEmpleado, Ciudad, Calle, Colonia, CP, NoExterior, NoInterior) values (133, 133, 'Green', '4 Mcbride Avenue', 'Sommers', 67981, 302, 97);
insert into Empleado (IdPersona, IdEmpleado, Ciudad, Calle, Colonia, CP, NoExterior, NoInterior) values (134, 134, 'Park Meadow', '15653 Tomscot Park', 'Eliot', 48338, 361, 46);
insert into Empleado (IdPersona, IdEmpleado, Ciudad, Calle, Colonia, CP, NoExterior, NoInterior) values (135, 135, 'Holy Cross', '6 Sundown Pass', 'Briar Crest', 85191, 203, 89);
insert into Empleado (IdPersona, IdEmpleado, Ciudad, Calle, Colonia, CP, NoExterior, NoInterior) values (136, 136, 'John Wall', '436 Oriole Plaza', 'Acker', 78936, 404, 64);
insert into Empleado (IdPersona, IdEmpleado, Ciudad, Calle, Colonia, CP, NoExterior, NoInterior) values (137, 137, 'Everett', '990 Bashford Court', 'Manley', 60907, 400, 94);
insert into Empleado (IdPersona, IdEmpleado, Ciudad, Calle, Colonia, CP, NoExterior, NoInterior) values (138, 138, 'Lunder', '5552 Fuller Terrace', 'Hooker', 63053, 293, null);
insert into Empleado (IdPersona, IdEmpleado, Ciudad, Calle, Colonia, CP, NoExterior, NoInterior) values (139, 139, 'Maple', '123 Gulseth Plaza', 'Havey', 63659, 337, 82);
insert into Empleado (IdPersona, IdEmpleado, Ciudad, Calle, Colonia, CP, NoExterior, NoInterior) values (140, 140, 'Nobel', '4 Clemons Circle', 'Westport', 88182, 333, null);
insert into Empleado (IdPersona, IdEmpleado, Ciudad, Calle, Colonia, CP, NoExterior, NoInterior) values (141, 141, 'Dunning', '2337 Oriole Trail', 'Lukken', 82970, 282, null);
insert into Empleado (IdPersona, IdEmpleado, Ciudad, Calle, Colonia, CP, NoExterior, NoInterior) values (142, 142, 'Green', '9 Victoria Street', 'Pleasure', 36596, 420, 66);
insert into Empleado (IdPersona, IdEmpleado, Ciudad, Calle, Colonia, CP, NoExterior, NoInterior) values (143, 143, 'Cottonwood', '42501 Scoville Drive', 'Packers', 51687, 10, 28);
insert into Empleado (IdPersona, IdEmpleado, Ciudad, Calle, Colonia, CP, NoExterior, NoInterior) values (144, 144, 'Forest Dale', '5 Montana Hill', 'Manufacturers', 19744, 456, 29);
insert into Empleado (IdPersona, IdEmpleado, Ciudad, Calle, Colonia, CP, NoExterior, NoInterior) values (145, 145, 'Starling', '0929 Waxwing Hill', 'Northridge', 31298, 61, 13);
insert into Empleado (IdPersona, IdEmpleado, Ciudad, Calle, Colonia, CP, NoExterior, NoInterior) values (146, 146, 'Lakewood Gardens', '9951 Gerald Avenue', 'Magdeline', 70877, 325, 43);
insert into Empleado (IdPersona, IdEmpleado, Ciudad, Calle, Colonia, CP, NoExterior, NoInterior) values (147, 147, 'Leroy', '94 Springview Parkway', 'Jenna', 93480, 63, 77);
insert into Empleado (IdPersona, IdEmpleado, Ciudad, Calle, Colonia, CP, NoExterior, NoInterior) values (148, 148, 'Brentwood', '98289 Warner Court', 'Brickson Park', 29271, 295, 90);
insert into Empleado (IdPersona, IdEmpleado, Ciudad, Calle, Colonia, CP, NoExterior, NoInterior) values (149, 149, 'Dennis', '00763 Talisman Alley', 'Merry', 55166, 101, 56);
insert into Empleado (IdPersona, IdEmpleado, Ciudad, Calle, Colonia, CP, NoExterior, NoInterior) values (150, 150, 'Basil', '150 Westerfield Lane', 'Melrose', 39149, 287, 72);

-- INSERCIONES A CUIDADOR
insert into Cuidador (IdPersona, Horario, Localizacion, Salario) values (1, '11:12:28', 'Bom Conselho', 11284);
insert into Cuidador (IdPersona, Horario, Localizacion, Salario) values (2, '13:17:13', 'Saraktash', 15509);
insert into Cuidador (IdPersona, Horario, Localizacion, Salario) values (3, '10:30:33', 'Gayny', 16277);
insert into Cuidador (IdPersona, Horario, Localizacion, Salario) values (4, '14:26:51', 'Foros de Salvaterra', 12987);
insert into Cuidador (IdPersona, Horario, Localizacion, Salario) values (5, '11:56:38', 'Bobai', 11977);
insert into Cuidador (IdPersona, Horario, Localizacion, Salario) values (6, '10:06:52', 'Firminópolis', 14158);
insert into Cuidador (IdPersona, Horario, Localizacion, Salario) values (7, '12:29:17', 'Rinang', 10460);
insert into Cuidador (IdPersona, Horario, Localizacion, Salario) values (8, '10:40:31', 'Santa Bernardina', 13376);
insert into Cuidador (IdPersona, Horario, Localizacion, Salario) values (9, '12:45:21', 'Massawa', 8204);
insert into Cuidador (IdPersona, Horario, Localizacion, Salario) values (10, '11:04:29', 'Hưng Nguyên', 13678);
insert into Cuidador (IdPersona, Horario, Localizacion, Salario) values (11, '10:19:15', 'Septfontaines', 10628);
insert into Cuidador (IdPersona, Horario, Localizacion, Salario) values (12, '13:56:28', 'Quebradas', 11226);
insert into Cuidador (IdPersona, Horario, Localizacion, Salario) values (13, '10:56:32', 'Klobuky', 8731);
insert into Cuidador (IdPersona, Horario, Localizacion, Salario) values (14, '9:01:18', 'Phrae', 14139);
insert into Cuidador (IdPersona, Horario, Localizacion, Salario) values (15, '11:15:07', 'Utena', 11011);
insert into Cuidador (IdPersona, Horario, Localizacion, Salario) values (16, '13:09:21', 'Báguanos', 13683);
insert into Cuidador (IdPersona, Horario, Localizacion, Salario) values (17, '14:13:35', 'Brejo Santo', 10541);
insert into Cuidador (IdPersona, Horario, Localizacion, Salario) values (18, '14:48:31', 'Angoulême', 9132);
insert into Cuidador (IdPersona, Horario, Localizacion, Salario) values (19, '14:16:48', 'Huaihua', 12171);
insert into Cuidador (IdPersona, Horario, Localizacion, Salario) values (20, '12:51:44', 'Catanduva', 11511);
insert into Cuidador (IdPersona, Horario, Localizacion, Salario) values (21, '12:06:01', 'Kauswagan', 13107);
insert into Cuidador (IdPersona, Horario, Localizacion, Salario) values (22, '11:56:34', 'Katori-shi', 13292);
insert into Cuidador (IdPersona, Horario, Localizacion, Salario) values (23, '10:27:16', 'Liyang', 8708);
insert into Cuidador (IdPersona, Horario, Localizacion, Salario) values (24, '13:50:46', 'Makoko', 15040);
insert into Cuidador (IdPersona, Horario, Localizacion, Salario) values (25, '10:31:16', 'Huangsha', 12607);
insert into Cuidador (IdPersona, Horario, Localizacion, Salario) values (26, '9:19:01', 'Natu', 12704);
insert into Cuidador (IdPersona, Horario, Localizacion, Salario) values (27, '9:33:36', 'Gongrong', 16524);
insert into Cuidador (IdPersona, Horario, Localizacion, Salario) values (28, '12:08:13', 'Baku', 14496);
insert into Cuidador (IdPersona, Horario, Localizacion, Salario) values (29, '13:27:56', 'Santana', 8498);
insert into Cuidador (IdPersona, Horario, Localizacion, Salario) values (30, '10:17:33', 'Esmeralda', 9893);
insert into Cuidador (IdPersona, Horario, Localizacion, Salario) values (31, '14:42:17', 'København', 14652);
insert into Cuidador (IdPersona, Horario, Localizacion, Salario) values (32, '11:55:52', 'Pagsanahan Norte', 16459);
insert into Cuidador (IdPersona, Horario, Localizacion, Salario) values (33, '12:15:25', 'Ḥurfeish', 11014);
insert into Cuidador (IdPersona, Horario, Localizacion, Salario) values (34, '9:37:47', 'Delães', 16368);
insert into Cuidador (IdPersona, Horario, Localizacion, Salario) values (35, '11:27:01', 'Shatian', 9414);
insert into Cuidador (IdPersona, Horario, Localizacion, Salario) values (36, '10:19:47', 'Petaluma', 15727);
insert into Cuidador (IdPersona, Horario, Localizacion, Salario) values (37, '13:40:49', 'Al Manqaf', 13028);
insert into Cuidador (IdPersona, Horario, Localizacion, Salario) values (38, '12:20:24', 'São Sebastião', 8255);
insert into Cuidador (IdPersona, Horario, Localizacion, Salario) values (39, '12:50:31', 'Catriel', 14233);
insert into Cuidador (IdPersona, Horario, Localizacion, Salario) values (40, '11:23:07', 'Wamba', 12452);
insert into Cuidador (IdPersona, Horario, Localizacion, Salario) values (41, '13:31:11', 'Nortelândia', 15173);
insert into Cuidador (IdPersona, Horario, Localizacion, Salario) values (42, '11:26:03', 'Karítsa', 14102);
insert into Cuidador (IdPersona, Horario, Localizacion, Salario) values (43, '11:45:09', 'Roseau', 14375);
insert into Cuidador (IdPersona, Horario, Localizacion, Salario) values (44, '11:03:45', 'Quebrada de Arena', 8933);
insert into Cuidador (IdPersona, Horario, Localizacion, Salario) values (45, '12:51:04', 'Břasy', 12772);
insert into Cuidador (IdPersona, Horario, Localizacion, Salario) values (46, '14:53:07', 'Dobre', 9856);
insert into Cuidador (IdPersona, Horario, Localizacion, Salario) values (47, '12:58:10', 'Sundbyberg', 10296);
insert into Cuidador (IdPersona, Horario, Localizacion, Salario) values (48, '9:05:50', 'Zaranj', 15024);
insert into Cuidador (IdPersona, Horario, Localizacion, Salario) values (49, '12:50:38', 'Adirejo', 12785);
insert into Cuidador (IdPersona, Horario, Localizacion, Salario) values (50, '13:51:48', 'Agdzhabedy', 12731);
insert into Cuidador (IdPersona, Horario, Localizacion, Salario) values (51, '14:01:50', 'Awilega', 15938);
insert into Cuidador (IdPersona, Horario, Localizacion, Salario) values (52, '9:52:38', 'Wonokerto', 9764);
insert into Cuidador (IdPersona, Horario, Localizacion, Salario) values (53, '9:48:22', 'Al Quşayr', 16682);
insert into Cuidador (IdPersona, Horario, Localizacion, Salario) values (54, '10:47:15', 'Vitória da Conquista', 13495);
insert into Cuidador (IdPersona, Horario, Localizacion, Salario) values (55, '9:11:26', 'Cherëmukhovo', 15204);
insert into Cuidador (IdPersona, Horario, Localizacion, Salario) values (56, '14:54:28', 'Baizhang', 10555);
insert into Cuidador (IdPersona, Horario, Localizacion, Salario) values (57, '11:23:35', 'Zlechov', 10329);
insert into Cuidador (IdPersona, Horario, Localizacion, Salario) values (58, '14:13:19', 'Marseille', 12062);
insert into Cuidador (IdPersona, Horario, Localizacion, Salario) values (59, '11:52:08', 'Carandaí', 10103);
insert into Cuidador (IdPersona, Horario, Localizacion, Salario) values (60, '10:06:37', 'Lukou', 12594);
insert into Cuidador (IdPersona, Horario, Localizacion, Salario) values (61, '9:46:52', 'Kingersheim', 10391);
insert into Cuidador (IdPersona, Horario, Localizacion, Salario) values (62, '9:26:50', 'Dioknisi', 16384);
insert into Cuidador (IdPersona, Horario, Localizacion, Salario) values (63, '10:37:27', 'Sai’erlong Xiang', 15439);
insert into Cuidador (IdPersona, Horario, Localizacion, Salario) values (64, '9:38:39', 'Yambol', 14108);
insert into Cuidador (IdPersona, Horario, Localizacion, Salario) values (65, '9:20:57', 'Qingyang', 14451);
insert into Cuidador (IdPersona, Horario, Localizacion, Salario) values (66, '10:02:53', 'Nakhon Ratchasima', 16199);
insert into Cuidador (IdPersona, Horario, Localizacion, Salario) values (67, '10:07:32', 'Youhua', 14443);
insert into Cuidador (IdPersona, Horario, Localizacion, Salario) values (68, '12:03:25', 'Snegiri', 13074);
insert into Cuidador (IdPersona, Horario, Localizacion, Salario) values (69, '12:51:01', 'El Coco', 12564);
insert into Cuidador (IdPersona, Horario, Localizacion, Salario) values (70, '14:05:34', 'Hobart', 16318);
insert into Cuidador (IdPersona, Horario, Localizacion, Salario) values (71, '11:02:21', 'Pariaman', 9464);
insert into Cuidador (IdPersona, Horario, Localizacion, Salario) values (72, '10:43:36', 'Wąbrzeźno', 11213);
insert into Cuidador (IdPersona, Horario, Localizacion, Salario) values (73, '14:19:10', 'Dębowa Łąka', 13553);
insert into Cuidador (IdPersona, Horario, Localizacion, Salario) values (74, '13:35:41', 'Kuçovë', 12845);
insert into Cuidador (IdPersona, Horario, Localizacion, Salario) values (75, '9:29:28', 'Quanzhou', 11190);
insert into Cuidador (IdPersona, Horario, Localizacion, Salario) values (76, '12:25:45', 'Kitapak', 15025);
insert into Cuidador (IdPersona, Horario, Localizacion, Salario) values (77, '10:56:39', 'Khlong Toei', 8231);
insert into Cuidador (IdPersona, Horario, Localizacion, Salario) values (78, '13:54:28', 'Xiaoling', 12216);
insert into Cuidador (IdPersona, Horario, Localizacion, Salario) values (79, '13:00:26', 'Nybro', 8856);
insert into Cuidador (IdPersona, Horario, Localizacion, Salario) values (80, '13:15:57', 'Toba', 13677);
insert into Cuidador (IdPersona, Horario, Localizacion, Salario) values (81, '13:18:52', 'Sumberarumkrajan', 11999);
insert into Cuidador (IdPersona, Horario, Localizacion, Salario) values (82, '13:17:16', 'Potosí', 11314);
insert into Cuidador (IdPersona, Horario, Localizacion, Salario) values (83, '13:56:25', 'Timrå', 8115);
insert into Cuidador (IdPersona, Horario, Localizacion, Salario) values (84, '13:46:11', 'Jablonec nad Jizerou', 12812);
insert into Cuidador (IdPersona, Horario, Localizacion, Salario) values (85, '10:20:49', 'Kostrzyn nad Odrą', 15707);
insert into Cuidador (IdPersona, Horario, Localizacion, Salario) values (86, '9:01:53', 'Jiaxian Chengguanzhen', 9511);
insert into Cuidador (IdPersona, Horario, Localizacion, Salario) values (87, '11:20:27', 'Kigali', 8649);
insert into Cuidador (IdPersona, Horario, Localizacion, Salario) values (88, '10:12:32', 'Carnot', 15353);
insert into Cuidador (IdPersona, Horario, Localizacion, Salario) values (89, '13:23:48', 'Leuweheq', 13698);
insert into Cuidador (IdPersona, Horario, Localizacion, Salario) values (90, '10:09:20', 'Arauca', 8570);
insert into Cuidador (IdPersona, Horario, Localizacion, Salario) values (91, '11:48:13', 'Nikolina Gora', 10368);
insert into Cuidador (IdPersona, Horario, Localizacion, Salario) values (92, '11:11:13', 'Jedlová', 12158);
insert into Cuidador (IdPersona, Horario, Localizacion, Salario) values (93, '13:10:24', 'Sernovodsk', 11756);
insert into Cuidador (IdPersona, Horario, Localizacion, Salario) values (94, '9:00:41', 'Colos', 16220);
insert into Cuidador (IdPersona, Horario, Localizacion, Salario) values (95, '13:17:47', 'Heishui', 14369);
insert into Cuidador (IdPersona, Horario, Localizacion, Salario) values (96, '9:36:44', 'Novyy Karachay', 8815);
insert into Cuidador (IdPersona, Horario, Localizacion, Salario) values (97, '13:48:19', 'Cesvaine', 15542);
insert into Cuidador (IdPersona, Horario, Localizacion, Salario) values (98, '10:52:37', 'Campinho', 13615);
insert into Cuidador (IdPersona, Horario, Localizacion, Salario) values (99, '9:56:33', 'Jackson', 11667);
insert into Cuidador (IdPersona, Horario, Localizacion, Salario) values (100, '12:57:09', 'Zaqatala', 9826);
insert into Cuidador (IdPersona, Horario, Localizacion, Salario) values (101, '9:55:23', 'Mulyorejo', 15961);
insert into Cuidador (IdPersona, Horario, Localizacion, Salario) values (102, '12:10:26', 'Vanves', 9345);
insert into Cuidador (IdPersona, Horario, Localizacion, Salario) values (103, '13:07:10', 'Yanaoca', 8272);
insert into Cuidador (IdPersona, Horario, Localizacion, Salario) values (104, '14:42:26', 'Dachong', 11442);
insert into Cuidador (IdPersona, Horario, Localizacion, Salario) values (105, '9:15:03', 'Ginatilan', 9715);
insert into Cuidador (IdPersona, Horario, Localizacion, Salario) values (106, '13:39:27', 'Tangzha', 12861);
insert into Cuidador (IdPersona, Horario, Localizacion, Salario) values (107, '14:58:47', 'Lammi', 11266);
insert into Cuidador (IdPersona, Horario, Localizacion, Salario) values (108, '14:55:16', 'Río Gallegos', 10023);
insert into Cuidador (IdPersona, Horario, Localizacion, Salario) values (109, '11:03:31', 'Miryang', 11079);
insert into Cuidador (IdPersona, Horario, Localizacion, Salario) values (110, '9:06:31', 'Togitsu', 8070);
insert into Cuidador (IdPersona, Horario, Localizacion, Salario) values (111, '14:28:53', 'Thị Trấn Ngải Giao', 13810);
insert into Cuidador (IdPersona, Horario, Localizacion, Salario) values (112, '14:27:44', 'Hebu', 15565);
insert into Cuidador (IdPersona, Horario, Localizacion, Salario) values (113, '12:59:47', 'Gœsdorf', 11372);
insert into Cuidador (IdPersona, Horario, Localizacion, Salario) values (114, '14:23:27', 'Penha Longa', 15746);
insert into Cuidador (IdPersona, Horario, Localizacion, Salario) values (115, '14:17:03', 'Strašice', 13731);
insert into Cuidador (IdPersona, Horario, Localizacion, Salario) values (116, '13:44:30', 'Xuexi', 15630);
insert into Cuidador (IdPersona, Horario, Localizacion, Salario) values (117, '11:27:52', 'Las Palmas', 12862);
insert into Cuidador (IdPersona, Horario, Localizacion, Salario) values (118, '13:22:31', 'Yongfeng', 14852);
insert into Cuidador (IdPersona, Horario, Localizacion, Salario) values (119, '11:21:42', 'Cikananga', 16921);
insert into Cuidador (IdPersona, Horario, Localizacion, Salario) values (120, '11:00:11', 'Eshan', 14704);
insert into Cuidador (IdPersona, Horario, Localizacion, Salario) values (121, '14:17:37', 'Šipovo', 10649);
insert into Cuidador (IdPersona, Horario, Localizacion, Salario) values (122, '12:54:25', 'Obollo-Afor', 11796);
insert into Cuidador (IdPersona, Horario, Localizacion, Salario) values (123, '13:06:03', 'Bochov', 15715);
insert into Cuidador (IdPersona, Horario, Localizacion, Salario) values (124, '11:25:41', 'Cogreg Wetan', 13801);
insert into Cuidador (IdPersona, Horario, Localizacion, Salario) values (125, '11:56:30', 'Yanwo', 14865);
insert into Cuidador (IdPersona, Horario, Localizacion, Salario) values (126, '12:48:21', 'Maloco', 8508);
insert into Cuidador (IdPersona, Horario, Localizacion, Salario) values (127, '14:17:08', 'Caldas da Felgueira', 12179);
insert into Cuidador (IdPersona, Horario, Localizacion, Salario) values (128, '11:13:02', 'Bayt Ta‘mar', 16046);
insert into Cuidador (IdPersona, Horario, Localizacion, Salario) values (129, '13:36:53', 'Taznakht', 15985);
insert into Cuidador (IdPersona, Horario, Localizacion, Salario) values (130, '10:06:02', 'Mashi', 14124);
insert into Cuidador (IdPersona, Horario, Localizacion, Salario) values (131, '11:33:35', 'Cansolungon', 10857);
insert into Cuidador (IdPersona, Horario, Localizacion, Salario) values (132, '12:28:22', 'Hamburg', 11011);
insert into Cuidador (IdPersona, Horario, Localizacion, Salario) values (133, '14:04:09', 'Port Washington', 11924);
insert into Cuidador (IdPersona, Horario, Localizacion, Salario) values (134, '10:28:17', 'Berlin', 11703);
insert into Cuidador (IdPersona, Horario, Localizacion, Salario) values (135, '10:21:41', 'Nankengzi', 9672);
insert into Cuidador (IdPersona, Horario, Localizacion, Salario) values (136, '12:01:06', 'Kirkland', 8019);
insert into Cuidador (IdPersona, Horario, Localizacion, Salario) values (137, '14:17:10', 'Kakegawa', 15172);
insert into Cuidador (IdPersona, Horario, Localizacion, Salario) values (138, '10:36:45', 'Dorotea', 15096);
insert into Cuidador (IdPersona, Horario, Localizacion, Salario) values (139, '10:02:57', 'Wang’er', 12046);
insert into Cuidador (IdPersona, Horario, Localizacion, Salario) values (140, '10:07:16', 'Heshui', 12592);
insert into Cuidador (IdPersona, Horario, Localizacion, Salario) values (141, '14:14:46', 'Fontana', 10932);
insert into Cuidador (IdPersona, Horario, Localizacion, Salario) values (142, '11:49:52', 'Matoupu', 11514);
insert into Cuidador (IdPersona, Horario, Localizacion, Salario) values (143, '13:17:35', 'Xiema', 16220);
insert into Cuidador (IdPersona, Horario, Localizacion, Salario) values (144, '13:13:32', 'İsmayıllı', 16597);
insert into Cuidador (IdPersona, Horario, Localizacion, Salario) values (145, '10:40:23', 'Cikuya', 16210);
insert into Cuidador (IdPersona, Horario, Localizacion, Salario) values (146, '9:32:55', 'Nuevo Amanecer', 16851);
insert into Cuidador (IdPersona, Horario, Localizacion, Salario) values (147, '10:32:41', 'Krajan Dua Patempuran', 11465);
insert into Cuidador (IdPersona, Horario, Localizacion, Salario) values (148, '12:28:21', 'Isanlu Itedoijowa', 9030);
insert into Cuidador (IdPersona, Horario, Localizacion, Salario) values (149, '12:20:36', 'Tatebal', 9195);
insert into Cuidador (IdPersona, Horario, Localizacion, Salario) values (150, '14:42:00', 'Fujiayan', 10525);

-- INSERCIONES A PARTICIPANTE
insert into Participante (IdPersona, NoCuenta, Facultad, Carrera) values (151, '400779818', 'Ciencias', 'Ciencias de la Computación');
insert into Participante (IdPersona, NoCuenta, Facultad, Carrera) values (152, '632460557', 'Derecho', 'Derecho');
insert into Participante (IdPersona, NoCuenta, Facultad, Carrera) values (153, '540583146', 'Ciencias', 'Ciencias de la Computación');
insert into Participante (IdPersona, NoCuenta, Facultad, Carrera) values (154, '376572894', 'Ciencias', 'Ciencias de la Computación');
insert into Participante (IdPersona, NoCuenta, Facultad, Carrera) values (155, '159172964', 'Artes y Diseño', 'Diseño Gráfico');
insert into Participante (IdPersona, NoCuenta, Facultad, Carrera) values (156, '420011541', 'Artes y Diseño', 'Diseño Gráfico');
insert into Participante (IdPersona, NoCuenta, Facultad, Carrera) values (157, '242046997', 'Medicina', 'Medicina');
insert into Participante (IdPersona, NoCuenta, Facultad, Carrera) values (158, '968226459', 'Ciencias', 'Física');
insert into Participante (IdPersona, NoCuenta, Facultad, Carrera) values (159, '262222027', 'Ciencias', 'Ciencias de la Computación');
insert into Participante (IdPersona, NoCuenta, Facultad, Carrera) values (160, '886883740', 'Ingeniería', 'Ingeniería Civil');
insert into Participante (IdPersona, NoCuenta, Facultad, Carrera) values (161, '592504754', 'Derecho', 'Derecho');
insert into Participante (IdPersona, NoCuenta, Facultad, Carrera) values (162, '251080116', 'Ingeniería', 'Ingeniería Civil');
insert into Participante (IdPersona, NoCuenta, Facultad, Carrera) values (163, '811237325', 'Ciencias', 'Ciencias de la Computación');
insert into Participante (IdPersona, NoCuenta, Facultad, Carrera) values (164, '353591388', 'Artes y Diseño', 'Diseño Gráfico');
insert into Participante (IdPersona, NoCuenta, Facultad, Carrera) values (165, '060010006', 'Medicina', 'Medicina');
insert into Participante (IdPersona, NoCuenta, Facultad, Carrera) values (166, '905683601', 'Artes y Diseño', 'Diseño Gráfico');
insert into Participante (IdPersona, NoCuenta, Facultad, Carrera) values (167, '448191145', 'Medicina', 'Medicina');
insert into Participante (IdPersona, NoCuenta, Facultad, Carrera) values (168, '070093745', 'Artes y Diseño', 'Diseño Gráfico');
insert into Participante (IdPersona, NoCuenta, Facultad, Carrera) values (169, '115809143', 'Medicina', 'Medicina');
insert into Participante (IdPersona, NoCuenta, Facultad, Carrera) values (170, '590242294', 'Medicina', 'Medicina');
insert into Participante (IdPersona, NoCuenta, Facultad, Carrera) values (171, '139071317', 'Derecho', 'Derecho');
insert into Participante (IdPersona, NoCuenta, Facultad, Carrera) values (172, '438581785', 'Ingeniería', 'Ingeniería Civil');
insert into Participante (IdPersona, NoCuenta, Facultad, Carrera) values (173, '033154127', 'Artes y Diseño', 'Diseño Gráfico');
insert into Participante (IdPersona, NoCuenta, Facultad, Carrera) values (174, '591994292', 'Medicina', 'Medicina');
insert into Participante (IdPersona, NoCuenta, Facultad, Carrera) values (175, '724763327', 'Ciencias', 'Ciencias de la Computación');
insert into Participante (IdPersona, NoCuenta, Facultad, Carrera) values (176, '466996617', 'Medicina', 'Medicina');
insert into Participante (IdPersona, NoCuenta, Facultad, Carrera) values (177, '662166488', 'Derecho', 'Derecho');
insert into Participante (IdPersona, NoCuenta, Facultad, Carrera) values (178, '489200312', 'Derecho', 'Derecho');
insert into Participante (IdPersona, NoCuenta, Facultad, Carrera) values (179, '131188181', 'Derecho', 'Derecho');
insert into Participante (IdPersona, NoCuenta, Facultad, Carrera) values (180, '399479984', 'Ciencias', 'Ciencias de la Computación');
insert into Participante (IdPersona, NoCuenta, Facultad, Carrera) values (181, '251548166', 'Artes y Diseño', 'Diseño Gráfico');
insert into Participante (IdPersona, NoCuenta, Facultad, Carrera) values (182, '222037824', 'Artes y Diseño', 'Diseño Gráfico');
insert into Participante (IdPersona, NoCuenta, Facultad, Carrera) values (183, '173170667', 'Derecho', 'Derecho');
insert into Participante (IdPersona, NoCuenta, Facultad, Carrera) values (184, '207767030', 'Medicina', 'Medicina');
insert into Participante (IdPersona, NoCuenta, Facultad, Carrera) values (185, '826848773', 'Medicina', 'Medicina');
insert into Participante (IdPersona, NoCuenta, Facultad, Carrera) values (186, '520023619', 'Medicina', 'Medicina');
insert into Participante (IdPersona, NoCuenta, Facultad, Carrera) values (187, '831397480', 'Medicina', 'Medicina');
insert into Participante (IdPersona, NoCuenta, Facultad, Carrera) values (188, '633807534', 'Medicina', 'Medicina');
insert into Participante (IdPersona, NoCuenta, Facultad, Carrera) values (189, '755209117', 'Derecho', 'Derecho');
insert into Participante (IdPersona, NoCuenta, Facultad, Carrera) values (190, '376972561', 'Derecho', 'Derecho');
insert into Participante (IdPersona, NoCuenta, Facultad, Carrera) values (191, '204691971', 'Ingeniería', 'Ingeniería Civil');
insert into Participante (IdPersona, NoCuenta, Facultad, Carrera) values (192, '867467234', 'Ingeniería', 'Ingeniería Civil');
insert into Participante (IdPersona, NoCuenta, Facultad, Carrera) values (193, '106189474', 'Ciencias', 'Física');
insert into Participante (IdPersona, NoCuenta, Facultad, Carrera) values (194, '516371912', 'Artes y Diseño', 'Diseño Gráfico');
insert into Participante (IdPersona, NoCuenta, Facultad, Carrera) values (195, '422113513', 'Ciencias', 'Física');
insert into Participante (IdPersona, NoCuenta, Facultad, Carrera) values (196, '812313850', 'Derecho', 'Derecho');
insert into Participante (IdPersona, NoCuenta, Facultad, Carrera) values (197, '058312824', 'Ciencias', 'Física');
insert into Participante (IdPersona, NoCuenta, Facultad, Carrera) values (198, '895093209', 'Artes y Diseño', 'Diseño Gráfico');
insert into Participante (IdPersona, NoCuenta, Facultad, Carrera) values (199, '016378448', 'Derecho', 'Derecho');
insert into Participante (IdPersona, NoCuenta, Facultad, Carrera) values (200, '433296508', 'Ciencias', 'Matemáticas');
insert into Participante (IdPersona, NoCuenta, Facultad, Carrera) values (201, '779406566', 'Artes y Diseño', 'Diseño Gráfico');
insert into Participante (IdPersona, NoCuenta, Facultad, Carrera) values (202, '227513711', 'Medicina', 'Medicina');
insert into Participante (IdPersona, NoCuenta, Facultad, Carrera) values (203, '786755034', 'Derecho', 'Derecho');
insert into Participante (IdPersona, NoCuenta, Facultad, Carrera) values (204, '561353581', 'Ciencias', 'Ciencias de la Computación');
insert into Participante (IdPersona, NoCuenta, Facultad, Carrera) values (205, '794089049', 'Medicina', 'Medicina');
insert into Participante (IdPersona, NoCuenta, Facultad, Carrera) values (206, '913149854', 'Ciencias', 'Física');
insert into Participante (IdPersona, NoCuenta, Facultad, Carrera) values (207, '660673465', 'Ingeniería', 'Ingeniería Civil');
insert into Participante (IdPersona, NoCuenta, Facultad, Carrera) values (208, '536555089', 'Artes y Diseño', 'Diseño Gráfico');
insert into Participante (IdPersona, NoCuenta, Facultad, Carrera) values (209, '705088175', 'Artes y Diseño', 'Diseño Gráfico');
insert into Participante (IdPersona, NoCuenta, Facultad, Carrera) values (210, '078061798', 'Medicina', 'Medicina');
insert into Participante (IdPersona, NoCuenta, Facultad, Carrera) values (211, '447089073', 'Ingeniería', 'Ingeniería Civil');
insert into Participante (IdPersona, NoCuenta, Facultad, Carrera) values (212, '554736811', 'Medicina', 'Medicina');
insert into Participante (IdPersona, NoCuenta, Facultad, Carrera) values (213, '851857387', 'Ingeniería', 'Ingeniería Civil');
insert into Participante (IdPersona, NoCuenta, Facultad, Carrera) values (214, '141139200', 'Artes y Diseño', 'Diseño Gráfico');
insert into Participante (IdPersona, NoCuenta, Facultad, Carrera) values (215, '412542883', 'Ingeniería', 'Ingeniería Civil');
insert into Participante (IdPersona, NoCuenta, Facultad, Carrera) values (216, '530309148', 'Medicina', 'Medicina');
insert into Participante (IdPersona, NoCuenta, Facultad, Carrera) values (217, '994019619', 'Derecho', 'Derecho');
insert into Participante (IdPersona, NoCuenta, Facultad, Carrera) values (218, '270985341', 'Ciencias', 'Ciencias de la Computación');
insert into Participante (IdPersona, NoCuenta, Facultad, Carrera) values (219, '742006825', 'Medicina', 'Medicina');
insert into Participante (IdPersona, NoCuenta, Facultad, Carrera) values (220, '630038574', 'Medicina', 'Medicina');
insert into Participante (IdPersona, NoCuenta, Facultad, Carrera) values (221, '220505318', 'Derecho', 'Derecho');
insert into Participante (IdPersona, NoCuenta, Facultad, Carrera) values (222, '477488179', 'Ingeniería', 'Ingeniería Civil');
insert into Participante (IdPersona, NoCuenta, Facultad, Carrera) values (223, '389207539', 'Artes y Diseño', 'Diseño Gráfico');
insert into Participante (IdPersona, NoCuenta, Facultad, Carrera) values (224, '822513094', 'Ciencias', 'Matemáticas');
insert into Participante (IdPersona, NoCuenta, Facultad, Carrera) values (225, '219226598', 'Derecho', 'Derecho');
insert into Participante (IdPersona, NoCuenta, Facultad, Carrera) values (226, '454560009', 'Artes y Diseño', 'Diseño Gráfico');
insert into Participante (IdPersona, NoCuenta, Facultad, Carrera) values (227, '843460619', 'Ingeniería', 'Ingeniería Civil');
insert into Participante (IdPersona, NoCuenta, Facultad, Carrera) values (228, '436027197', 'Ciencias', 'Matemáticas');
insert into Participante (IdPersona, NoCuenta, Facultad, Carrera) values (229, '294530480', 'Medicina', 'Medicina');
insert into Participante (IdPersona, NoCuenta, Facultad, Carrera) values (230, '736645635', 'Ingeniería', 'Ingeniería Civil');
insert into Participante (IdPersona, NoCuenta, Facultad, Carrera) values (231, '947925782', 'Ingeniería', 'Ingeniería Civil');
insert into Participante (IdPersona, NoCuenta, Facultad, Carrera) values (232, '672883192', 'Medicina', 'Medicina');
insert into Participante (IdPersona, NoCuenta, Facultad, Carrera) values (233, '191028912', 'Derecho', 'Derecho');
insert into Participante (IdPersona, NoCuenta, Facultad, Carrera) values (234, '629283165', 'Artes y Diseño', 'Diseño Gráfico');
insert into Participante (IdPersona, NoCuenta, Facultad, Carrera) values (235, '306108085', 'Medicina', 'Medicina');
insert into Participante (IdPersona, NoCuenta, Facultad, Carrera) values (236, '805414097', 'Medicina', 'Medicina');
insert into Participante (IdPersona, NoCuenta, Facultad, Carrera) values (237, '965182103', 'Medicina', 'Medicina');
insert into Participante (IdPersona, NoCuenta, Facultad, Carrera) values (238, '102222983', 'Medicina', 'Medicina');
insert into Participante (IdPersona, NoCuenta, Facultad, Carrera) values (239, '886139679', 'Derecho', 'Derecho');
insert into Participante (IdPersona, NoCuenta, Facultad, Carrera) values (240, '522584895', 'Ciencias', 'Matemáticas');
insert into Participante (IdPersona, NoCuenta, Facultad, Carrera) values (241, '623559804', 'Artes y Diseño', 'Diseño Gráfico');
insert into Participante (IdPersona, NoCuenta, Facultad, Carrera) values (242, '791365954', 'Artes y Diseño', 'Diseño Gráfico');
insert into Participante (IdPersona, NoCuenta, Facultad, Carrera) values (243, '327607975', 'Artes y Diseño', 'Diseño Gráfico');
insert into Participante (IdPersona, NoCuenta, Facultad, Carrera) values (244, '938510170', 'Derecho', 'Derecho');
insert into Participante (IdPersona, NoCuenta, Facultad, Carrera) values (245, '420446940', 'Ingeniería', 'Ingeniería Civil');
insert into Participante (IdPersona, NoCuenta, Facultad, Carrera) values (246, '662949042', 'Medicina', 'Medicina');
insert into Participante (IdPersona, NoCuenta, Facultad, Carrera) values (247, '143400710', 'Derecho', 'Derecho');
insert into Participante (IdPersona, NoCuenta, Facultad, Carrera) values (248, '935197627', 'Artes y Diseño', 'Diseño Gráfico');
insert into Participante (IdPersona, NoCuenta, Facultad, Carrera) values (249, '165431017', 'Artes y Diseño', 'Diseño Gráfico');
insert into Participante (IdPersona, NoCuenta, Facultad, Carrera) values (250, '686818696', 'Ingeniería', 'Ingeniería Civil');
insert into Participante (IdPersona, NoCuenta, Facultad, Carrera) values (251, '242488111', 'Medicina', 'Medicina');
insert into Participante (IdPersona, NoCuenta, Facultad, Carrera) values (252, '764989969', 'Derecho', 'Derecho');
insert into Participante (IdPersona, NoCuenta, Facultad, Carrera) values (253, '350497176', 'Ciencias', 'Ciencias de la Computación');
insert into Participante (IdPersona, NoCuenta, Facultad, Carrera) values (254, '306297201', 'Derecho', 'Derecho');
insert into Participante (IdPersona, NoCuenta, Facultad, Carrera) values (255, '727166357', 'Ingeniería', 'Ingeniería Civil');
insert into Participante (IdPersona, NoCuenta, Facultad, Carrera) values (256, '441149649', 'Derecho', 'Derecho');
insert into Participante (IdPersona, NoCuenta, Facultad, Carrera) values (257, '443883671', 'Ingeniería', 'Ingeniería Civil');
insert into Participante (IdPersona, NoCuenta, Facultad, Carrera) values (258, '711558839', 'Artes y Diseño', 'Diseño Gráfico');
insert into Participante (IdPersona, NoCuenta, Facultad, Carrera) values (259, '125727641', 'Ingeniería', 'Ingeniería Civil');
insert into Participante (IdPersona, NoCuenta, Facultad, Carrera) values (260, '991667207', 'Medicina', 'Medicina');
insert into Participante (IdPersona, NoCuenta, Facultad, Carrera) values (261, '806222676', 'Derecho', 'Derecho');
insert into Participante (IdPersona, NoCuenta, Facultad, Carrera) values (262, '117488463', 'Derecho', 'Derecho');
insert into Participante (IdPersona, NoCuenta, Facultad, Carrera) values (263, '010912954', 'Derecho', 'Derecho');
insert into Participante (IdPersona, NoCuenta, Facultad, Carrera) values (264, '564564310', 'Medicina', 'Medicina');
insert into Participante (IdPersona, NoCuenta, Facultad, Carrera) values (265, '020205337', 'Ingeniería', 'Ingeniería Civil');
insert into Participante (IdPersona, NoCuenta, Facultad, Carrera) values (266, '294540236', 'Derecho', 'Derecho');
insert into Participante (IdPersona, NoCuenta, Facultad, Carrera) values (267, '603418233', 'Artes y Diseño', 'Diseño Gráfico');
insert into Participante (IdPersona, NoCuenta, Facultad, Carrera) values (268, '371967018', 'Ciencias', 'Física');
insert into Participante (IdPersona, NoCuenta, Facultad, Carrera) values (269, '397842983', 'Ciencias', 'Matemáticas');
insert into Participante (IdPersona, NoCuenta, Facultad, Carrera) values (270, '386377894', 'Ciencias', 'Matemáticas');
insert into Participante (IdPersona, NoCuenta, Facultad, Carrera) values (271, '273414798', 'Ciencias', 'Ciencias de la Computación');
insert into Participante (IdPersona, NoCuenta, Facultad, Carrera) values (272, '845823447', 'Derecho', 'Derecho');
insert into Participante (IdPersona, NoCuenta, Facultad, Carrera) values (273, '901420430', 'Ingeniería', 'Ingeniería Civil');
insert into Participante (IdPersona, NoCuenta, Facultad, Carrera) values (274, '700597690', 'Artes y Diseño', 'Diseño Gráfico');
insert into Participante (IdPersona, NoCuenta, Facultad, Carrera) values (275, '089525576', 'Ciencias', 'Física');
insert into Participante (IdPersona, NoCuenta, Facultad, Carrera) values (276, '708601417', 'Ciencias', 'Física');
insert into Participante (IdPersona, NoCuenta, Facultad, Carrera) values (277, '157979775', 'Artes y Diseño', 'Diseño Gráfico');
insert into Participante (IdPersona, NoCuenta, Facultad, Carrera) values (278, '142941268', 'Artes y Diseño', 'Diseño Gráfico');
insert into Participante (IdPersona, NoCuenta, Facultad, Carrera) values (279, '579967396', 'Artes y Diseño', 'Diseño Gráfico');
insert into Participante (IdPersona, NoCuenta, Facultad, Carrera) values (280, '428764150', 'Medicina', 'Medicina');
insert into Participante (IdPersona, NoCuenta, Facultad, Carrera) values (281, '624412666', 'Derecho', 'Derecho');
insert into Participante (IdPersona, NoCuenta, Facultad, Carrera) values (282, '987937018', 'Ciencias', 'Ciencias de la Computación');
insert into Participante (IdPersona, NoCuenta, Facultad, Carrera) values (283, '611942661', 'Ciencias', 'Física');
insert into Participante (IdPersona, NoCuenta, Facultad, Carrera) values (284, '824401016', 'Ciencias', 'Matemáticas');
insert into Participante (IdPersona, NoCuenta, Facultad, Carrera) values (285, '994306375', 'Ciencias', 'Matemáticas');
insert into Participante (IdPersona, NoCuenta, Facultad, Carrera) values (286, '724104767', 'Ciencias', 'Física');
insert into Participante (IdPersona, NoCuenta, Facultad, Carrera) values (287, '719460418', 'Artes y Diseño', 'Diseño Gráfico');
insert into Participante (IdPersona, NoCuenta, Facultad, Carrera) values (288, '636876678', 'Medicina', 'Medicina');
insert into Participante (IdPersona, NoCuenta, Facultad, Carrera) values (289, '601659558', 'Derecho', 'Derecho');
insert into Participante (IdPersona, NoCuenta, Facultad, Carrera) values (290, '107326178', 'Medicina', 'Medicina');
insert into Participante (IdPersona, NoCuenta, Facultad, Carrera) values (291, '616320258', 'Ingeniería', 'Ingeniería Civil');
insert into Participante (IdPersona, NoCuenta, Facultad, Carrera) values (292, '245722023', 'Medicina', 'Medicina');
insert into Participante (IdPersona, NoCuenta, Facultad, Carrera) values (293, '808464249', 'Artes y Diseño', 'Diseño Gráfico');
insert into Participante (IdPersona, NoCuenta, Facultad, Carrera) values (294, '550896192', 'Ciencias', 'Matemáticas');
insert into Participante (IdPersona, NoCuenta, Facultad, Carrera) values (295, '730068893', 'Ingeniería', 'Ingeniería Civil');
insert into Participante (IdPersona, NoCuenta, Facultad, Carrera) values (296, '265555017', 'Derecho', 'Derecho');
insert into Participante (IdPersona, NoCuenta, Facultad, Carrera) values (297, '763923256', 'Ingeniería', 'Ingeniería Civil');
insert into Participante (IdPersona, NoCuenta, Facultad, Carrera) values (298, '837289783', 'Ciencias', 'Ciencias de la Computación');
insert into Participante (IdPersona, NoCuenta, Facultad, Carrera) values (299, '702732768', 'Medicina', 'Medicina');
insert into Participante (IdPersona, NoCuenta, Facultad, Carrera) values (300, '070316109', 'Ingeniería', 'Ingeniería Civil');

-- INSERCIONES A CUENTA
insert into Cuenta (CodigoEntrenador, IdPersona, NombreUsuario, Nivel, Equipo) values ('84995', 151, 'BeerAficionado', 1, 'Beta Team');
insert into Cuenta (CodigoEntrenador, IdPersona, NombreUsuario, Nivel, Equipo) values ('83115', 152, 'CookingConnoisseur', 2, 'Malachite Team');
insert into Cuenta (CodigoEntrenador, IdPersona, NombreUsuario, Nivel, Equipo) values ('98341', 153, 'CookingConnoisseur', 3, 'Sunstone Team');
insert into Cuenta (CodigoEntrenador, IdPersona, NombreUsuario, Nivel, Equipo) values ('19058', 154, 'TeaLover22', 4, 'Malachite Team');
insert into Cuenta (CodigoEntrenador, IdPersona, NombreUsuario, Nivel, Equipo) values ('12659', 155, 'CoffeeAddict123', 5, 'Team T');
insert into Cuenta (CodigoEntrenador, IdPersona, NombreUsuario, Nivel, Equipo) values ('98092', 156, 'LunchLady', 6, 'Omega Team');
insert into Cuenta (CodigoEntrenador, IdPersona, NombreUsuario, Nivel, Equipo) values ('75516', 157, 'CocktailQueen', 7, 'Team Z');
insert into Cuenta (CodigoEntrenador, IdPersona, NombreUsuario, Nivel, Equipo) values ('56060', 158, 'BBQMaster', 8, 'Epsilon Team');
insert into Cuenta (CodigoEntrenador, IdPersona, NombreUsuario, Nivel, Equipo) values ('59330', 159, 'CookingConnoisseur', 9, 'Team T');
insert into Cuenta (CodigoEntrenador, IdPersona, NombreUsuario, Nivel, Equipo) values ('53216', 160, 'SmoothieKing', 10, 'Rhodochrosite Team');
insert into Cuenta (CodigoEntrenador, IdPersona, NombreUsuario, Nivel, Equipo) values ('85624', 161, 'HomeCookHero', 11, 'Moonstone Team');
insert into Cuenta (CodigoEntrenador, IdPersona, NombreUsuario, Nivel, Equipo) values ('60121', 162, 'BakingBelle', 12, 'Team A');
insert into Cuenta (CodigoEntrenador, IdPersona, NombreUsuario, Nivel, Equipo) values ('16390', 163, 'HealthyEater', 13, 'Team D');
insert into Cuenta (CodigoEntrenador, IdPersona, NombreUsuario, Nivel, Equipo) values ('01009', 164, 'MeatLover123', 14, 'Team H');
insert into Cuenta (CodigoEntrenador, IdPersona, NombreUsuario, Nivel, Equipo) values ('57665', 165, 'BeerAficionado', 15, 'Team C');
insert into Cuenta (CodigoEntrenador, IdPersona, NombreUsuario, Nivel, Equipo) values ('24816', 166, 'FoodieWorld', 16, 'Team W');
insert into Cuenta (CodigoEntrenador, IdPersona, NombreUsuario, Nivel, Equipo) values ('78622', 167, 'Bookworm88', 17, 'Team G');
insert into Cuenta (CodigoEntrenador, IdPersona, NombreUsuario, Nivel, Equipo) values ('28997', 168, 'Fashionista22', 18, 'Hematite Team');
insert into Cuenta (CodigoEntrenador, IdPersona, NombreUsuario, Nivel, Equipo) values ('21513', 169, 'CitySlicker99', 19, 'Sunstone Team');
insert into Cuenta (CodigoEntrenador, IdPersona, NombreUsuario, Nivel, Equipo) values ('85987', 170, 'TravelBug99', 20, 'Zeta Team');
insert into Cuenta (CodigoEntrenador, IdPersona, NombreUsuario, Nivel, Equipo) values ('35497', 171, 'FoodTruckFan', 21, 'Labradorite Team');
insert into Cuenta (CodigoEntrenador, IdPersona, NombreUsuario, Nivel, Equipo) values ('60214', 172, 'SuperStar99', 22, 'Team G');
insert into Cuenta (CodigoEntrenador, IdPersona, NombreUsuario, Nivel, Equipo) values ('56944', 173, 'MovieBuff55', 23, 'Mu Team');
insert into Cuenta (CodigoEntrenador, IdPersona, NombreUsuario, Nivel, Equipo) values ('13678', 174, 'FoodInfluencer', 24, 'Team U');
insert into Cuenta (CodigoEntrenador, IdPersona, NombreUsuario, Nivel, Equipo) values ('19829', 175, 'CitySlicker99', 25, 'Team A');
insert into Cuenta (CodigoEntrenador, IdPersona, NombreUsuario, Nivel, Equipo) values ('36786', 176, 'BreakfastBoss', 26, 'Howlite Team');
insert into Cuenta (CodigoEntrenador, IdPersona, NombreUsuario, Nivel, Equipo) values ('79927', 177, 'MovieBuff55', 27, 'Sigma Team');
insert into Cuenta (CodigoEntrenador, IdPersona, NombreUsuario, Nivel, Equipo) values ('14081', 178, 'FoodPhotographer', 28, 'Turquoise Team');
insert into Cuenta (CodigoEntrenador, IdPersona, NombreUsuario, Nivel, Equipo) values ('91921', 179, 'GamerGirl22', 29, 'Team I');
insert into Cuenta (CodigoEntrenador, IdPersona, NombreUsuario, Nivel, Equipo) values ('81973', 180, 'Fashionista22', 30, 'Howlite Team');
insert into Cuenta (CodigoEntrenador, IdPersona, NombreUsuario, Nivel, Equipo) values ('15996', 181, 'KitchenKween', 31, 'Chi Team');
insert into Cuenta (CodigoEntrenador, IdPersona, NombreUsuario, Nivel, Equipo) values ('47831', 182, 'GardeningGuru', 32, 'Team R');
insert into Cuenta (CodigoEntrenador, IdPersona, NombreUsuario, Nivel, Equipo) values ('63371', 183, 'FoodieSolarSystem', 33, 'Zeta Team');
insert into Cuenta (CodigoEntrenador, IdPersona, NombreUsuario, Nivel, Equipo) values ('20038', 184, 'SaladSensation', 34, 'Team L');
insert into Cuenta (CodigoEntrenador, IdPersona, NombreUsuario, Nivel, Equipo) values ('56822', 185, 'CoolGuy45', 35, 'Yellow Team');
insert into Cuenta (CodigoEntrenador, IdPersona, NombreUsuario, Nivel, Equipo) values ('54713', 186, 'FoodInfluencer', 36, 'Hematite Team');
insert into Cuenta (CodigoEntrenador, IdPersona, NombreUsuario, Nivel, Equipo) values ('41907', 187, 'FoodieWorld', 37, 'Jade Team');
insert into Cuenta (CodigoEntrenador, IdPersona, NombreUsuario, Nivel, Equipo) values ('26779', 188, 'Pescatarian', 38, 'Sapphire Team');
insert into Cuenta (CodigoEntrenador, IdPersona, NombreUsuario, Nivel, Equipo) values ('80889', 189, 'TeaLover22', 39, 'Red Team');
insert into Cuenta (CodigoEntrenador, IdPersona, NombreUsuario, Nivel, Equipo) values ('00104', 190, 'CookieMonster', 40, 'Lapis Team');
insert into Cuenta (CodigoEntrenador, IdPersona, NombreUsuario, Nivel, Equipo) values ('45137', 191, 'TechNerd77', 41, 'Sigma Team');
insert into Cuenta (CodigoEntrenador, IdPersona, NombreUsuario, Nivel, Equipo) values ('17388', 192, 'FoodPhotographer', 42, 'Orange Team');
insert into Cuenta (CodigoEntrenador, IdPersona, NombreUsuario, Nivel, Equipo) values ('98660', 193, 'GardeningGuru', 43, 'Eta Team');
insert into Cuenta (CodigoEntrenador, IdPersona, NombreUsuario, Nivel, Equipo) values ('18678', 194, 'GlutenFreeGal', 44, 'Eta Team');
insert into Cuenta (CodigoEntrenador, IdPersona, NombreUsuario, Nivel, Equipo) values ('57248', 195, 'KetoKing', 45, 'Psi Team');
insert into Cuenta (CodigoEntrenador, IdPersona, NombreUsuario, Nivel, Equipo) values ('19122', 196, 'DreamerGirl', 46, 'Team Y');
insert into Cuenta (CodigoEntrenador, IdPersona, NombreUsuario, Nivel, Equipo) values ('22290', 197, 'SideDishSorcerer', 47, 'Team T');
insert into Cuenta (CodigoEntrenador, IdPersona, NombreUsuario, Nivel, Equipo) values ('76817', 198, 'GardeningGuru', 48, 'Purple Team');
insert into Cuenta (CodigoEntrenador, IdPersona, NombreUsuario, Nivel, Equipo) values ('07659', 199, 'TeaLover22', 49, 'Howlite Team');
insert into Cuenta (CodigoEntrenador, IdPersona, NombreUsuario, Nivel, Equipo) values ('56540', 200, 'FoodieGirl', 50, 'Quartz Team');
insert into Cuenta (CodigoEntrenador, IdPersona, NombreUsuario, Nivel, Equipo) values ('45407', 201, 'CoolGuy45', 51, 'Obsidian Team');
insert into Cuenta (CodigoEntrenador, IdPersona, NombreUsuario, Nivel, Equipo) values ('85175', 202, 'CulinaryCreator', 52, 'Upsilon Team');
insert into Cuenta (CodigoEntrenador, IdPersona, NombreUsuario, Nivel, Equipo) values ('35059', 203, 'GlutenFreeGal', 53, 'Rho Team');
insert into Cuenta (CodigoEntrenador, IdPersona, NombreUsuario, Nivel, Equipo) values ('83591', 204, 'FoodBlogger', 54, 'Eta Team');
insert into Cuenta (CodigoEntrenador, IdPersona, NombreUsuario, Nivel, Equipo) values ('69645', 205, 'FoodieUniverse', 55, 'Team F');
insert into Cuenta (CodigoEntrenador, IdPersona, NombreUsuario, Nivel, Equipo) values ('08310', 206, 'PhotographyFan', 56, 'Jade Team');
insert into Cuenta (CodigoEntrenador, IdPersona, NombreUsuario, Nivel, Equipo) values ('28650', 207, 'BurgerBuff', 57, 'Mu Team');
insert into Cuenta (CodigoEntrenador, IdPersona, NombreUsuario, Nivel, Equipo) values ('85437', 208, 'JuiceJunkie', 58, 'Lambda Team');
insert into Cuenta (CodigoEntrenador, IdPersona, NombreUsuario, Nivel, Equipo) values ('53724', 209, 'FoodieGirl', 59, 'Team O');
insert into Cuenta (CodigoEntrenador, IdPersona, NombreUsuario, Nivel, Equipo) values ('17374', 210, 'FoodieGalacticCluster', 60, 'Tanzanite Team');
insert into Cuenta (CodigoEntrenador, IdPersona, NombreUsuario, Nivel, Equipo) values ('84411', 211, 'Fashionista22', 61, 'Diamond Team');
insert into Cuenta (CodigoEntrenador, IdPersona, NombreUsuario, Nivel, Equipo) values ('37446', 212, 'DinnerDiva', 62, 'Aventurine Team');
insert into Cuenta (CodigoEntrenador, IdPersona, NombreUsuario, Nivel, Equipo) values ('96606', 213, 'PastaPrincess', 63, 'Onyx Team');
insert into Cuenta (CodigoEntrenador, IdPersona, NombreUsuario, Nivel, Equipo) values ('95973', 214, 'PhotographyFan', 64, 'Gold Team');
insert into Cuenta (CodigoEntrenador, IdPersona, NombreUsuario, Nivel, Equipo) values ('73323', 215, 'YogaQueen123', 65, 'Howlite Team');
insert into Cuenta (CodigoEntrenador, IdPersona, NombreUsuario, Nivel, Equipo) values ('04650', 216, 'YogaQueen123', 66, 'Iota Team');
insert into Cuenta (CodigoEntrenador, IdPersona, NombreUsuario, Nivel, Equipo) values ('32570', 217, 'NatureLover88', 67, 'Aventurine Team');
insert into Cuenta (CodigoEntrenador, IdPersona, NombreUsuario, Nivel, Equipo) values ('49490', 218, 'AnimalLover123', 68, 'Team L');
insert into Cuenta (CodigoEntrenador, IdPersona, NombreUsuario, Nivel, Equipo) values ('28305', 219, 'Pescatarian', 69, 'Yellow Team');
insert into Cuenta (CodigoEntrenador, IdPersona, NombreUsuario, Nivel, Equipo) values ('23936', 220, 'FoodieSolarSystem', 70, 'Lapis Team');
insert into Cuenta (CodigoEntrenador, IdPersona, NombreUsuario, Nivel, Equipo) values ('41939', 221, 'VeganVibes', 71, 'Team X');
insert into Cuenta (CodigoEntrenador, IdPersona, NombreUsuario, Nivel, Equipo) values ('68653', 222, 'AnimalLover123', 72, 'Team R');
insert into Cuenta (CodigoEntrenador, IdPersona, NombreUsuario, Nivel, Equipo) values ('02270', 223, 'User123', 73, 'Team A');
insert into Cuenta (CodigoEntrenador, IdPersona, NombreUsuario, Nivel, Equipo) values ('63981', 224, 'SushiFanatic', 74, 'Shungite Team');
insert into Cuenta (CodigoEntrenador, IdPersona, NombreUsuario, Nivel, Equipo) values ('22129', 225, 'AppetizerAficionado', 75, 'Onyx Team');
insert into Cuenta (CodigoEntrenador, IdPersona, NombreUsuario, Nivel, Equipo) values ('02914', 226, 'FoodieWorld', 76, 'Chrysocolla Team');
insert into Cuenta (CodigoEntrenador, IdPersona, NombreUsuario, Nivel, Equipo) values ('05224', 227, 'FoodieFam', 77, 'Malachite Team');
insert into Cuenta (CodigoEntrenador, IdPersona, NombreUsuario, Nivel, Equipo) values ('87131', 228, 'FoodieUniverse', 78, 'Topaz Team');
insert into Cuenta (CodigoEntrenador, IdPersona, NombreUsuario, Nivel, Equipo) values ('97733', 229, 'MovieBuff55', 79, 'Gold Team');

-- INSERCIONES A POKEMON
insert into Pokemon (IdPokemon, CodigoEntrenador, Nombre, CombatPoints, Especie, Peso, Sexo, Shiny) values (1, '95973', 'Turtwig', 3733, 'Muk', 519.97, 'Hembra', false);
insert into Pokemon (IdPokemon, CodigoEntrenador, Nombre, CombatPoints, Especie, Peso, Sexo, Shiny) values (2, '91921', 'Electabuzz', 3795, 'Electivire', 739.4, 'Sin género', false);
insert into Pokemon (IdPokemon, CodigoEntrenador, Nombre, CombatPoints, Especie, Peso, Sexo, Shiny) values (3, '98660', 'Chansey', 2229, 'Scyther', 857.2, 'Macho', true);
insert into Pokemon (IdPokemon, CodigoEntrenador, Nombre, CombatPoints, Especie, Peso, Sexo, Shiny) values (4, '15996', 'Jigglypuff', 819, 'Rapidash', 236.21, 'Macho', true);
insert into Pokemon (IdPokemon, CodigoEntrenador, Nombre, CombatPoints, Especie, Peso, Sexo, Shiny) values (5, '17374', 'Chimchar', 2135, 'Darkrai', 17.81, 'Macho', false);
insert into Pokemon (IdPokemon, CodigoEntrenador, Nombre, CombatPoints, Especie, Peso, Sexo, Shiny) values (6, '24816', 'Gliscor', 3546, 'Chansey', 129.58, 'Sin género', true);
insert into Pokemon (IdPokemon, CodigoEntrenador, Nombre, CombatPoints, Especie, Peso, Sexo, Shiny) values (7, '08310', 'Lapras', 1650, 'Mew', 147.38, 'Hembra', false);
insert into Pokemon (IdPokemon, CodigoEntrenador, Nombre, CombatPoints, Especie, Peso, Sexo, Shiny) values (8, '80889', 'Torchic', 860, 'Toxtricity', 225.47, 'Macho', true);
insert into Pokemon (IdPokemon, CodigoEntrenador, Nombre, CombatPoints, Especie, Peso, Sexo, Shiny) values (9, '45137', 'Torterra', 3430, 'Cloyster', 374.2, 'Hembra', true);
insert into Pokemon (IdPokemon, CodigoEntrenador, Nombre, CombatPoints, Especie, Peso, Sexo, Shiny) values (12, '15996', 'Weezing', 3629, 'Rapidash', 102.0, 'Hembra', true);
insert into Pokemon (IdPokemon, CodigoEntrenador, Nombre, CombatPoints, Especie, Peso, Sexo, Shiny) values (13, '59330', 'Dragonite', 3829, 'Ninetales', 342.83, 'Hembra', true);
insert into Pokemon (IdPokemon, CodigoEntrenador, Nombre, CombatPoints, Especie, Peso, Sexo, Shiny) values (14, '56540', 'Slowbro', 11, 'Jirachi', 78.64, 'Hembra', true);
insert into Pokemon (IdPokemon, CodigoEntrenador, Nombre, CombatPoints, Especie, Peso, Sexo, Shiny) values (15, '85175', 'Mudkip', 2462, 'Gyarados', 249.64, 'Sin género', false);
insert into Pokemon (IdPokemon, CodigoEntrenador, Nombre, CombatPoints, Especie, Peso, Sexo, Shiny) values (16, '80889', 'Scizor', 3048, 'Darkrai', 734.47, 'Macho', false);
insert into Pokemon (IdPokemon, CodigoEntrenador, Nombre, CombatPoints, Especie, Peso, Sexo, Shiny) values (17, '83591', 'Squirtle', 1607, 'Vileplume', 719.69, 'Macho', false);
insert into Pokemon (IdPokemon, CodigoEntrenador, Nombre, CombatPoints, Especie, Peso, Sexo, Shiny) values (18, '56822', 'Exeggutor', 2320, 'Ninetales', 298.96, 'Hembra', true);
insert into Pokemon (IdPokemon, CodigoEntrenador, Nombre, CombatPoints, Especie, Peso, Sexo, Shiny) values (19, '85987', 'Dodrio', 1327, 'Leafeon', 688.18, 'Macho', true);
insert into Pokemon (IdPokemon, CodigoEntrenador, Nombre, CombatPoints, Especie, Peso, Sexo, Shiny) values (20, '19829', 'Magikarp', 3170, 'Victreebel', 979.25, 'Sin género', true);
insert into Pokemon (IdPokemon, CodigoEntrenador, Nombre, CombatPoints, Especie, Peso, Sexo, Shiny) values (21, '45137', 'Kingler', 1029, 'Kangaskhan', 612.75, 'Hembra', false);
insert into Pokemon (IdPokemon, CodigoEntrenador, Nombre, CombatPoints, Especie, Peso, Sexo, Shiny) values (22, '76817', 'Hypno', 39, 'Machamp', 410.09, 'Macho', true);
insert into Pokemon (IdPokemon, CodigoEntrenador, Nombre, CombatPoints, Especie, Peso, Sexo, Shiny) values (23, '15996', 'Mudkip', 1509, 'Hypno', 33.03, 'Hembra', false);
insert into Pokemon (IdPokemon, CodigoEntrenador, Nombre, CombatPoints, Especie, Peso, Sexo, Shiny) values (24, '41907', 'Squirtle', 1444, 'Charmander', 535.63, 'Macho', true);
insert into Pokemon (IdPokemon, CodigoEntrenador, Nombre, CombatPoints, Especie, Peso, Sexo, Shiny) values (25, '12659', 'Celebi', 3016, 'Blastoise', 898.91, 'Hembra', false);
insert into Pokemon (IdPokemon, CodigoEntrenador, Nombre, CombatPoints, Especie, Peso, Sexo, Shiny) values (26, '04650', 'Golem', 2201, 'Pikachu', 960.74, 'Macho', false);
insert into Pokemon (IdPokemon, CodigoEntrenador, Nombre, CombatPoints, Especie, Peso, Sexo, Shiny) values (27, '22290', 'Omastar', 165, 'Greninja', 368.31, 'Hembra', false);
insert into Pokemon (IdPokemon, CodigoEntrenador, Nombre, CombatPoints, Especie, Peso, Sexo, Shiny) values (28, '45137', 'Gengar', 3158, 'Palkia', 273.13, 'Macho', true);
insert into Pokemon (IdPokemon, CodigoEntrenador, Nombre, CombatPoints, Especie, Peso, Sexo, Shiny) values (29, '76817', 'Electivire', 3656, 'Seaking', 114.37, 'Sin género', false);
insert into Pokemon (IdPokemon, CodigoEntrenador, Nombre, CombatPoints, Especie, Peso, Sexo, Shiny) values (30, '41907', 'Wigglytuff', 2936, 'Vaporeon', 450.17, 'Sin género', true);
insert into Pokemon (IdPokemon, CodigoEntrenador, Nombre, CombatPoints, Especie, Peso, Sexo, Shiny) values (31, '83591', 'Weezing', 1543, 'Kangaskhan', 917.1, 'Hembra', false);
insert into Pokemon (IdPokemon, CodigoEntrenador, Nombre, CombatPoints, Especie, Peso, Sexo, Shiny) values (32, '04650', 'Chansey', 3898, 'Jigglypuff', 257.7, 'Sin género', true);
insert into Pokemon (IdPokemon, CodigoEntrenador, Nombre, CombatPoints, Especie, Peso, Sexo, Shiny) values (33, '35497', 'Kabutops', 3218, 'Mew', 917.34, 'Macho', true);
insert into Pokemon (IdPokemon, CodigoEntrenador, Nombre, CombatPoints, Especie, Peso, Sexo, Shiny) values (34, '76817', 'Kingler', 1403, 'Groudon', 440.31, 'Macho', true);
insert into Pokemon (IdPokemon, CodigoEntrenador, Nombre, CombatPoints, Especie, Peso, Sexo, Shiny) values (35, '98092', 'Roserade', 3073, 'Glaceon', 385.69, 'Macho', true);
insert into Pokemon (IdPokemon, CodigoEntrenador, Nombre, CombatPoints, Especie, Peso, Sexo, Shiny) values (36, '36786', 'Victreebel', 3765, 'Arceus', 100.66, 'Macho', true);
insert into Pokemon (IdPokemon, CodigoEntrenador, Nombre, CombatPoints, Especie, Peso, Sexo, Shiny) values (37, '83115', 'Machamp', 1376, 'Dusknoir', 13.41, 'Sin género', true);
insert into Pokemon (IdPokemon, CodigoEntrenador, Nombre, CombatPoints, Especie, Peso, Sexo, Shiny) values (38, '02270', 'Ninetales', 917, 'Electabuzz', 43.24, 'Sin género', false);
insert into Pokemon (IdPokemon, CodigoEntrenador, Nombre, CombatPoints, Especie, Peso, Sexo, Shiny) values (39, '85624', 'Hitmonchan', 2110, 'Machamp', 837.85, 'Hembra', true);
insert into Pokemon (IdPokemon, CodigoEntrenador, Nombre, CombatPoints, Especie, Peso, Sexo, Shiny) values (40, '56540', 'Lapras', 2619, 'Raichu', 210.97, 'Sin género', true);
insert into Pokemon (IdPokemon, CodigoEntrenador, Nombre, CombatPoints, Especie, Peso, Sexo, Shiny) values (41, '12659', 'Kangaskhan', 3151, 'Chansey', 463.0, 'Macho', true);
insert into Pokemon (IdPokemon, CodigoEntrenador, Nombre, CombatPoints, Especie, Peso, Sexo, Shiny) values (42, '35059', 'Sceptile', 3562, 'Cyndaquil', 801.32, 'Macho', false);
insert into Pokemon (IdPokemon, CodigoEntrenador, Nombre, CombatPoints, Especie, Peso, Sexo, Shiny) values (43, '02270', 'Magmortar', 3007, 'Primeape', 792.8, 'Hembra', true);
insert into Pokemon (IdPokemon, CodigoEntrenador, Nombre, CombatPoints, Especie, Peso, Sexo, Shiny) values (44, '37446', 'Mudkip', 1263, 'Dusknoir', 37.04, 'Sin género', true);
insert into Pokemon (IdPokemon, CodigoEntrenador, Nombre, CombatPoints, Especie, Peso, Sexo, Shiny) values (45, '22129', 'Typhlosion', 1901, 'Electivire', 543.18, 'Macho', true);
insert into Pokemon (IdPokemon, CodigoEntrenador, Nombre, CombatPoints, Especie, Peso, Sexo, Shiny) values (46, '05224', 'Pikachu', 2826, 'Lugia', 743.55, 'Sin género', false);
insert into Pokemon (IdPokemon, CodigoEntrenador, Nombre, CombatPoints, Especie, Peso, Sexo, Shiny) values (47, '84411', 'Staraptor', 1796, 'Kingler', 839.67, 'Sin género', false);
insert into Pokemon (IdPokemon, CodigoEntrenador, Nombre, CombatPoints, Especie, Peso, Sexo, Shiny) values (48, '56060', 'Venusaur', 1157, 'Rillaboom', 926.52, 'Macho', true);
insert into Pokemon (IdPokemon, CodigoEntrenador, Nombre, CombatPoints, Especie, Peso, Sexo, Shiny) values (49, '37446', 'Kangaskhan', 3902, 'Golduck', 58.66, 'Sin género', false);
insert into Pokemon (IdPokemon, CodigoEntrenador, Nombre, CombatPoints, Especie, Peso, Sexo, Shiny) values (50, '98092', 'Probopass', 2977, 'Yanmega', 866.18, 'Macho', true);
insert into Pokemon (IdPokemon, CodigoEntrenador, Nombre, CombatPoints, Especie, Peso, Sexo, Shiny) values (51, '02270', 'Jigglypuff', 2365, 'Magmortar', 217.23, 'Macho', true);
insert into Pokemon (IdPokemon, CodigoEntrenador, Nombre, CombatPoints, Especie, Peso, Sexo, Shiny) values (52, '49490', 'Turtwig', 1815, 'Electabuzz', 602.33, 'Sin género', true);
insert into Pokemon (IdPokemon, CodigoEntrenador, Nombre, CombatPoints, Especie, Peso, Sexo, Shiny) values (53, '22129', 'Rapidash', 808, 'Charizard', 860.87, 'Hembra', true);
insert into Pokemon (IdPokemon, CodigoEntrenador, Nombre, CombatPoints, Especie, Peso, Sexo, Shiny) values (54, '87131', 'Dratini', 3985, 'Victreebel', 141.97, 'Sin género', false);
insert into Pokemon (IdPokemon, CodigoEntrenador, Nombre, CombatPoints, Especie, Peso, Sexo, Shiny) values (55, '08310', 'Golem', 2162, 'Tentacruel', 426.44, 'Hembra', true);
insert into Pokemon (IdPokemon, CodigoEntrenador, Nombre, CombatPoints, Especie, Peso, Sexo, Shiny) values (56, '91921', 'Garchomp', 3028, 'Charmander', 290.69, 'Hembra', false);
insert into Pokemon (IdPokemon, CodigoEntrenador, Nombre, CombatPoints, Especie, Peso, Sexo, Shiny) values (57, '80889', 'Electrode', 1504, 'Rayquaza', 279.96, 'Macho', true);
insert into Pokemon (IdPokemon, CodigoEntrenador, Nombre, CombatPoints, Especie, Peso, Sexo, Shiny) values (58, '45407', 'Rayquaza', 1916, 'Dialga', 884.09, 'Sin género', true);
insert into Pokemon (IdPokemon, CodigoEntrenador, Nombre, CombatPoints, Especie, Peso, Sexo, Shiny) values (59, '60214', 'Groudon', 874, 'Snorlax', 235.62, 'Hembra', false);
insert into Pokemon (IdPokemon, CodigoEntrenador, Nombre, CombatPoints, Especie, Peso, Sexo, Shiny) values (60, '02270', 'Sylveon', 2654, 'Lugia', 439.66, 'Sin género', true);
insert into Pokemon (IdPokemon, CodigoEntrenador, Nombre, CombatPoints, Especie, Peso, Sexo, Shiny) values (61, '60214', 'Bulbasaur', 307, 'Luxray', 410.59, 'Macho', false);
insert into Pokemon (IdPokemon, CodigoEntrenador, Nombre, CombatPoints, Especie, Peso, Sexo, Shiny) values (62, '17374', 'Dodrio', 1850, 'Gallade', 258.78, 'Hembra', true);
insert into Pokemon (IdPokemon, CodigoEntrenador, Nombre, CombatPoints, Especie, Peso, Sexo, Shiny) values (63, '57665', 'Moltres', 698, 'Glaceon', 801.08, 'Macho', false);
insert into Pokemon (IdPokemon, CodigoEntrenador, Nombre, CombatPoints, Especie, Peso, Sexo, Shiny) values (64, '01009', 'Porygon-Z', 2939, 'Arceus', 311.87, 'Hembra', false);
insert into Pokemon (IdPokemon, CodigoEntrenador, Nombre, CombatPoints, Especie, Peso, Sexo, Shiny) values (65, '85175', 'Nidoking', 2818, 'Chansey', 125.56, 'Macho', false);
insert into Pokemon (IdPokemon, CodigoEntrenador, Nombre, CombatPoints, Especie, Peso, Sexo, Shiny) values (66, '73323', 'Mamoswine', 2275, 'Mamoswine', 601.86, 'Hembra', true);
insert into Pokemon (IdPokemon, CodigoEntrenador, Nombre, CombatPoints, Especie, Peso, Sexo, Shiny) values (67, '80889', 'Victreebel', 533, 'Marowak', 856.53, 'Hembra', true);
insert into Pokemon (IdPokemon, CodigoEntrenador, Nombre, CombatPoints, Especie, Peso, Sexo, Shiny) values (68, '18678', 'Clefable', 2791, 'Porygon-Z', 73.41, 'Sin género', true);
insert into Pokemon (IdPokemon, CodigoEntrenador, Nombre, CombatPoints, Especie, Peso, Sexo, Shiny) values (69, '63371', 'Rhydon', 2432, 'Starmie', 97.64, 'Macho', true);
insert into Pokemon (IdPokemon, CodigoEntrenador, Nombre, CombatPoints, Especie, Peso, Sexo, Shiny) values (70, '19829', 'Vileplume', 2481, 'Charizard', 493.2, 'Hembra', false);
insert into Pokemon (IdPokemon, CodigoEntrenador, Nombre, CombatPoints, Especie, Peso, Sexo, Shiny) values (71, '57248', 'Sceptile', 2859, 'Dragonite', 301.32, 'Macho', false);
insert into Pokemon (IdPokemon, CodigoEntrenador, Nombre, CombatPoints, Especie, Peso, Sexo, Shiny) values (72, '18678', 'Gengar', 1144, 'Rillaboom', 433.83, 'Sin género', true);
insert into Pokemon (IdPokemon, CodigoEntrenador, Nombre, CombatPoints, Especie, Peso, Sexo, Shiny) values (73, '41939', 'Nidoking', 2872, 'Luxray', 523.2, 'Macho', true);
insert into Pokemon (IdPokemon, CodigoEntrenador, Nombre, CombatPoints, Especie, Peso, Sexo, Shiny) values (74, '60214', 'Gyarados', 1500, 'Turtwig', 0.46, 'Sin género', true);
insert into Pokemon (IdPokemon, CodigoEntrenador, Nombre, CombatPoints, Especie, Peso, Sexo, Shiny) values (75, '85624', 'Alakazam', 3707, 'Salamence', 62.76, 'Hembra', false);
insert into Pokemon (IdPokemon, CodigoEntrenador, Nombre, CombatPoints, Especie, Peso, Sexo, Shiny) values (76, '73323', 'Lickitung', 1189, 'Magneton', 936.57, 'Hembra', false);
insert into Pokemon (IdPokemon, CodigoEntrenador, Nombre, CombatPoints, Especie, Peso, Sexo, Shiny) values (77, '22129', 'Ditto', 3584, 'Floatzel', 264.97, 'Sin género', true);
insert into Pokemon (IdPokemon, CodigoEntrenador, Nombre, CombatPoints, Especie, Peso, Sexo, Shiny) values (78, '41939', 'Rapidash', 3929, 'Magnezone', 76.13, 'Macho', false);
insert into Pokemon (IdPokemon, CodigoEntrenador, Nombre, CombatPoints, Especie, Peso, Sexo, Shiny) values (79, '07659', 'Tauros', 1774, 'Arceus', 5.91, 'Hembra', true);
insert into Pokemon (IdPokemon, CodigoEntrenador, Nombre, CombatPoints, Especie, Peso, Sexo, Shiny) values (80, '19058', 'Weezing', 265, 'Toxtricity', 987.23, 'Hembra', true);
insert into Pokemon (IdPokemon, CodigoEntrenador, Nombre, CombatPoints, Especie, Peso, Sexo, Shiny) values (81, '95973', 'Heracross', 3510, 'Mudkip', 418.11, 'Sin género', true);
insert into Pokemon (IdPokemon, CodigoEntrenador, Nombre, CombatPoints, Especie, Peso, Sexo, Shiny) values (82, '04650', 'Magmortar', 3520, 'Clefable', 965.9, 'Macho', false);
insert into Pokemon (IdPokemon, CodigoEntrenador, Nombre, CombatPoints, Especie, Peso, Sexo, Shiny) values (83, '02270', 'Tentacruel', 2880, 'Raichu', 147.25, 'Hembra', false);
insert into Pokemon (IdPokemon, CodigoEntrenador, Nombre, CombatPoints, Especie, Peso, Sexo, Shiny) values (84, '56944', 'Mew', 3562, 'Charizard', 749.38, 'Macho', true);
insert into Pokemon (IdPokemon, CodigoEntrenador, Nombre, CombatPoints, Especie, Peso, Sexo, Shiny) values (85, '56540', 'Charizard', 1086, 'Haunter', 624.72, 'Sin género', false);
insert into Pokemon (IdPokemon, CodigoEntrenador, Nombre, CombatPoints, Especie, Peso, Sexo, Shiny) values (86, '53216', 'Charizard', 2541, 'Roserade', 432.5, 'Macho', true);
insert into Pokemon (IdPokemon, CodigoEntrenador, Nombre, CombatPoints, Especie, Peso, Sexo, Shiny) values (87, '22129', 'Golem', 69, 'Swampert', 512.89, 'Hembra', false);
insert into Pokemon (IdPokemon, CodigoEntrenador, Nombre, CombatPoints, Especie, Peso, Sexo, Shiny) values (88, '63371', 'Metagross', 1721, 'Groudon', 819.02, 'Sin género', true);
insert into Pokemon (IdPokemon, CodigoEntrenador, Nombre, CombatPoints, Especie, Peso, Sexo, Shiny) values (89, '19058', 'Gyarados', 3161, 'Chikorita', 23.64, 'Macho', true);
insert into Pokemon (IdPokemon, CodigoEntrenador, Nombre, CombatPoints, Especie, Peso, Sexo, Shiny) values (90, '98660', 'Gardevoir', 75, 'Probopass', 317.63, 'Sin género', true);
insert into Pokemon (IdPokemon, CodigoEntrenador, Nombre, CombatPoints, Especie, Peso, Sexo, Shiny) values (91, '83591', 'Infernape', 1780, 'Lickitung', 300.55, 'Macho', true);
insert into Pokemon (IdPokemon, CodigoEntrenador, Nombre, CombatPoints, Especie, Peso, Sexo, Shiny) values (92, '04650', 'Piplup', 315, 'Palkia', 30.04, 'Hembra', true);
insert into Pokemon (IdPokemon, CodigoEntrenador, Nombre, CombatPoints, Especie, Peso, Sexo, Shiny) values (93, '81973', 'Clefable', 254, 'Rhyperior', 723.22, 'Macho', false);
insert into Pokemon (IdPokemon, CodigoEntrenador, Nombre, CombatPoints, Especie, Peso, Sexo, Shiny) values (94, '84995', 'Weavile', 3445, 'Bulbasaur', 907.13, 'Macho', true);
insert into Pokemon (IdPokemon, CodigoEntrenador, Nombre, CombatPoints, Especie, Peso, Sexo, Shiny) values (95, '20038', 'Metagross', 1206, 'Inteleon', 6.79, 'Sin género', true);
insert into Pokemon (IdPokemon, CodigoEntrenador, Nombre, CombatPoints, Especie, Peso, Sexo, Shiny) values (96, '32570', 'Zapdos', 3602, 'Togekiss', 445.44, 'Hembra', false);
insert into Pokemon (IdPokemon, CodigoEntrenador, Nombre, CombatPoints, Especie, Peso, Sexo, Shiny) values (97, '02914', 'Magnezone', 3228, 'Piplup', 541.55, 'Hembra', true);
insert into Pokemon (IdPokemon, CodigoEntrenador, Nombre, CombatPoints, Especie, Peso, Sexo, Shiny) values (98, '02914', 'Ninetales', 220, 'Moltres', 616.47, 'Macho', false);
insert into Pokemon (IdPokemon, CodigoEntrenador, Nombre, CombatPoints, Especie, Peso, Sexo, Shiny) values (99, '07659', 'Mr-Mime', 2111, 'Lickilicky', 921.06, 'Hembra', false);
insert into Pokemon (IdPokemon, CodigoEntrenador, Nombre, CombatPoints, Especie, Peso, Sexo, Shiny) values (100, '41939', 'Charizard', 2161, 'Dragapult', 200.93, 'Macho', false);
insert into Pokemon (IdPokemon, CodigoEntrenador, Nombre, CombatPoints, Especie, Peso, Sexo, Shiny) values (101, '56540', 'Sylveon', 3001, 'Abomasnow', 423.96, 'Sin género', true);
insert into Pokemon (IdPokemon, CodigoEntrenador, Nombre, CombatPoints, Especie, Peso, Sexo, Shiny) values (102, '23936', 'Torterra', 2862, 'Kingler', 514.67, 'Hembra', false);
insert into Pokemon (IdPokemon, CodigoEntrenador, Nombre, CombatPoints, Especie, Peso, Sexo, Shiny) values (103, '18678', 'Weezing', 1335, 'Magneton', 937.47, 'Hembra', false);
insert into Pokemon (IdPokemon, CodigoEntrenador, Nombre, CombatPoints, Especie, Peso, Sexo, Shiny) values (104, '36786', 'Yanmega', 2887, 'Swampert', 711.91, 'Sin género', false);
insert into Pokemon (IdPokemon, CodigoEntrenador, Nombre, CombatPoints, Especie, Peso, Sexo, Shiny) values (105, '91921', 'Celebi', 3597, 'Yanmega', 698.69, 'Macho', false);
insert into Pokemon (IdPokemon, CodigoEntrenador, Nombre, CombatPoints, Especie, Peso, Sexo, Shiny) values (106, '56822', 'Raichu', 15, 'Gliscor', 539.27, 'Sin género', false);
insert into Pokemon (IdPokemon, CodigoEntrenador, Nombre, CombatPoints, Especie, Peso, Sexo, Shiny) values (107, '45407', 'Cloyster', 3362, 'Rotom', 252.71, 'Sin género', true);
insert into Pokemon (IdPokemon, CodigoEntrenador, Nombre, CombatPoints, Especie, Peso, Sexo, Shiny) values (108, '54713', 'Treecko', 2756, 'Tyranitar', 544.32, 'Sin género', false);
insert into Pokemon (IdPokemon, CodigoEntrenador, Nombre, CombatPoints, Especie, Peso, Sexo, Shiny) values (109, '85624', 'Espeon', 1549, 'Dratini', 888.65, 'Hembra', false);
insert into Pokemon (IdPokemon, CodigoEntrenador, Nombre, CombatPoints, Especie, Peso, Sexo, Shiny) values (110, '85175', 'Piplup', 1853, 'Aggron', 245.01, 'Macho', true);
insert into Pokemon (IdPokemon, CodigoEntrenador, Nombre, CombatPoints, Especie, Peso, Sexo, Shiny) values (111, '84995', 'Charmander', 1284, 'Bulbasaur', 981.81, 'Macho', true);
insert into Pokemon (IdPokemon, CodigoEntrenador, Nombre, CombatPoints, Especie, Peso, Sexo, Shiny) values (112, '95973', 'Tangrowth', 64, 'Magikarp', 518.18, 'Macho', true);
insert into Pokemon (IdPokemon, CodigoEntrenador, Nombre, CombatPoints, Especie, Peso, Sexo, Shiny) values (113, '60121', 'Mew', 2476, 'Probopass', 912.89, 'Hembra', true);
insert into Pokemon (IdPokemon, CodigoEntrenador, Nombre, CombatPoints, Especie, Peso, Sexo, Shiny) values (114, '57665', 'Gardevoir', 1751, 'Meganium', 1.26, 'Sin género', false);
insert into Pokemon (IdPokemon, CodigoEntrenador, Nombre, CombatPoints, Especie, Peso, Sexo, Shiny) values (115, '08310', 'Floatzel', 1624, 'Kangaskhan', 912.1, 'Macho', false);
insert into Pokemon (IdPokemon, CodigoEntrenador, Nombre, CombatPoints, Especie, Peso, Sexo, Shiny) values (116, '56540', 'Togekiss', 2395, 'Dialga', 859.71, 'Sin género', false);
insert into Pokemon (IdPokemon, CodigoEntrenador, Nombre, CombatPoints, Especie, Peso, Sexo, Shiny) values (117, '54713', 'Tyranitar', 1809, 'Omastar', 451.47, 'Macho', false);
insert into Pokemon (IdPokemon, CodigoEntrenador, Nombre, CombatPoints, Especie, Peso, Sexo, Shiny) values (118, '56060', 'Magmortar', 1070, 'Roserade', 192.76, 'Sin género', true);
insert into Pokemon (IdPokemon, CodigoEntrenador, Nombre, CombatPoints, Especie, Peso, Sexo, Shiny) values (119, '35497', 'Hitmonchan', 2367, 'Glaceon', 672.66, 'Hembra', false);
insert into Pokemon (IdPokemon, CodigoEntrenador, Nombre, CombatPoints, Especie, Peso, Sexo, Shiny) values (120, '19058', 'Pikachu', 950, 'Greninja', 939.12, 'Sin género', false);
insert into Pokemon (IdPokemon, CodigoEntrenador, Nombre, CombatPoints, Especie, Peso, Sexo, Shiny) values (121, '19122', 'Haunter', 1519, 'Starmie', 816.28, 'Macho', false);
insert into Pokemon (IdPokemon, CodigoEntrenador, Nombre, CombatPoints, Especie, Peso, Sexo, Shiny) values (122, '78622', 'Rotom', 104, 'Cyndaquil', 148.32, 'Sin género', false);
insert into Pokemon (IdPokemon, CodigoEntrenador, Nombre, CombatPoints, Especie, Peso, Sexo, Shiny) values (123, '98092', 'Kyogre', 100, 'Zapdos', 840.19, 'Hembra', true);
insert into Pokemon (IdPokemon, CodigoEntrenador, Nombre, CombatPoints, Especie, Peso, Sexo, Shiny) values (124, '41939', 'Totodile', 3610, 'Glaceon', 130.18, 'Macho', false);
insert into Pokemon (IdPokemon, CodigoEntrenador, Nombre, CombatPoints, Especie, Peso, Sexo, Shiny) values (125, '17388', 'Infernape', 131, 'Corviknight', 956.94, 'Macho', false);
insert into Pokemon (IdPokemon, CodigoEntrenador, Nombre, CombatPoints, Especie, Peso, Sexo, Shiny) values (126, '05224', 'Salamence', 676, 'Staraptor', 601.41, 'Sin género', true);
insert into Pokemon (IdPokemon, CodigoEntrenador, Nombre, CombatPoints, Especie, Peso, Sexo, Shiny) values (127, '68653', 'Luxray', 1562, 'Weavile', 815.73, 'Sin género', true);
insert into Pokemon (IdPokemon, CodigoEntrenador, Nombre, CombatPoints, Especie, Peso, Sexo, Shiny) values (128, '45407', 'Starmie', 651, 'Scyther', 1.54, 'Hembra', true);
insert into Pokemon (IdPokemon, CodigoEntrenador, Nombre, CombatPoints, Especie, Peso, Sexo, Shiny) values (129, '73323', 'Rhydon', 2536, 'Dialga', 230.08, 'Hembra', false);
insert into Pokemon (IdPokemon, CodigoEntrenador, Nombre, CombatPoints, Especie, Peso, Sexo, Shiny) values (130, '49490', 'Floatzel', 1453, 'Gengar', 582.76, 'Macho', false);
insert into Pokemon (IdPokemon, CodigoEntrenador, Nombre, CombatPoints, Especie, Peso, Sexo, Shiny) values (131, '96606', 'Starmie', 1187, 'Obstagoon', 227.34, 'Hembra', true);
insert into Pokemon (IdPokemon, CodigoEntrenador, Nombre, CombatPoints, Especie, Peso, Sexo, Shiny) values (132, '35059', 'Feraligatr', 1399, 'Lickitung', 753.59, 'Sin género', false);
insert into Pokemon (IdPokemon, CodigoEntrenador, Nombre, CombatPoints, Especie, Peso, Sexo, Shiny) values (133, '78622', 'Kangaskhan', 2185, 'Dusknoir', 420.54, 'Sin género', false);
insert into Pokemon (IdPokemon, CodigoEntrenador, Nombre, CombatPoints, Especie, Peso, Sexo, Shiny) values (134, '28997', 'Snorlax', 3181, 'Celebi', 258.65, 'Sin género', true);
insert into Pokemon (IdPokemon, CodigoEntrenador, Nombre, CombatPoints, Especie, Peso, Sexo, Shiny) values (135, '49490', 'Articuno', 2169, 'Houndoom', 768.39, 'Sin género', false);
insert into Pokemon (IdPokemon, CodigoEntrenador, Nombre, CombatPoints, Especie, Peso, Sexo, Shiny) values (136, '22290', 'Magneton', 1924, 'Sceptile', 213.91, 'Sin género', true);
insert into Pokemon (IdPokemon, CodigoEntrenador, Nombre, CombatPoints, Especie, Peso, Sexo, Shiny) values (137, '08310', 'Yanmega', 926, 'Lucario', 923.43, 'Hembra', false);
insert into Pokemon (IdPokemon, CodigoEntrenador, Nombre, CombatPoints, Especie, Peso, Sexo, Shiny) values (138, '53216', 'Tentacruel', 1162, 'Greninja', 771.39, 'Macho', false);
insert into Pokemon (IdPokemon, CodigoEntrenador, Nombre, CombatPoints, Especie, Peso, Sexo, Shiny) values (139, '53724', 'Weezing', 2567, 'Dusknoir', 9.98, 'Macho', true);
insert into Pokemon (IdPokemon, CodigoEntrenador, Nombre, CombatPoints, Especie, Peso, Sexo, Shiny) values (140, '98660', 'Deoxys', 1325, 'Electrode', 134.89, 'Hembra', false);
insert into Pokemon (IdPokemon, CodigoEntrenador, Nombre, CombatPoints, Especie, Peso, Sexo, Shiny) values (141, '02270', 'Kyogre', 928, 'Floatzel', 84.93, 'Hembra', true);
insert into Pokemon (IdPokemon, CodigoEntrenador, Nombre, CombatPoints, Especie, Peso, Sexo, Shiny) values (142, '54713', 'Kangaskhan', 1437, 'Abomasnow', 963.03, 'Hembra', true);
insert into Pokemon (IdPokemon, CodigoEntrenador, Nombre, CombatPoints, Especie, Peso, Sexo, Shiny) values (143, '14081', 'Golduck', 3099, 'Torterra', 565.47, 'Hembra', false);
insert into Pokemon (IdPokemon, CodigoEntrenador, Nombre, CombatPoints, Especie, Peso, Sexo, Shiny) values (144, '96606', 'Chikorita', 1706, 'Feraligatr', 495.89, 'Hembra', true);
insert into Pokemon (IdPokemon, CodigoEntrenador, Nombre, CombatPoints, Especie, Peso, Sexo, Shiny) values (145, '28997', 'Heracross', 176, 'Hypno', 886.75, 'Hembra', false);
insert into Pokemon (IdPokemon, CodigoEntrenador, Nombre, CombatPoints, Especie, Peso, Sexo, Shiny) values (146, '85987', 'Tangela', 3582, 'Chikorita', 721.04, 'Macho', true);
insert into Pokemon (IdPokemon, CodigoEntrenador, Nombre, CombatPoints, Especie, Peso, Sexo, Shiny) values (151, '63981', 'Clefairy', 818, 'Jigglypuff', 120.50, 'Hembra', true);
insert into Pokemon (IdPokemon, CodigoEntrenador, Nombre, CombatPoints, Especie, Peso, Sexo, Shiny) values (152, '56060', 'Pikachu', 818, 'Jigglypuff', 33.77, 'Macho', false);
insert into Pokemon (IdPokemon, CodigoEntrenador, Nombre, CombatPoints, Especie, Peso, Sexo, Shiny) values (153, '98341', 'Eevee', 818, 'Jigglypuff', 6.15, 'Sin género', true);
insert into Pokemon (IdPokemon, CodigoEntrenador, Nombre, CombatPoints, Especie, Peso, Sexo, Shiny) values (154, '01009', 'Jigglypuff', 818, 'Jigglypuff', 11.34, 'Hembra', false);
insert into Pokemon (IdPokemon, CodigoEntrenador, Nombre, CombatPoints, Especie, Peso, Sexo, Shiny) values (155, '08310', 'Wigglytuff', 818, 'Jigglypuff', 46.88, 'Macho', true);
insert into Pokemon (IdPokemon, CodigoEntrenador, Nombre, CombatPoints, Especie, Peso, Sexo, Shiny) values (147, '79927', 'Dodrio', 3160, 'Froslass', 406.1, 'Sin género', true);
insert into Pokemon (IdPokemon, CodigoEntrenador, Nombre, CombatPoints, Especie, Peso, Sexo, Shiny) values (148, '53216', 'Togekiss', 3045, 'Squirtle', 664.06, 'Hembra', false);
insert into Pokemon (IdPokemon, CodigoEntrenador, Nombre, CombatPoints, Especie, Peso, Sexo, Shiny) values (149, '53216', 'Magikarp', 3187, 'Ditto', 934.1, 'Hembra', false);
insert into Pokemon (IdPokemon, CodigoEntrenador, Nombre, CombatPoints, Especie, Peso, Sexo, Shiny) values (150, '84995', 'Gengar', 1423, 'Umbreon', 823.04, 'Hembra', true);
insert into pokemon (idpokemon, codigoentrenador, nombre, combatpoints, especie, peso, sexo, shiny) values (156, '22290', 'Pikachu', 500, 'Pikachu', 6.0, 'Macho', false);
insert into pokemon (idpokemon, codigoentrenador, nombre, combatpoints, especie, peso, sexo, shiny) values (157, '49490', 'Raichu', 800, 'Raichu', 30.0, 'Hembra', true);
insert into pokemon (idpokemon, codigoentrenador, nombre, combatpoints, especie, peso, sexo, shiny) values (158, '08310', 'Pichu', 300, 'Pichu', 2.0, 'Macho', false);
insert into pokemon (idpokemon, codigoentrenador, nombre, combatpoints, especie, peso, sexo, shiny) values (159, '73323', 'Alolan Raichu', 900, 'Raichu', 28.5, 'Hembra', true);
insert into pokemon (idpokemon, codigoentrenador, nombre, combatpoints, especie, peso, sexo, shiny) values (160, '22290', 'Togedemaru', 450, 'Togedemaru', 7.3, 'Macho', false);
insert into pokemon (idpokemon, codigoentrenador, nombre, combatpoints, especie, peso, sexo, shiny) values (161, '08310', 'Plusle', 600, 'Pikachu', 4.2, 'Hembra', false);
insert into pokemon (idpokemon, codigoentrenador, nombre, combatpoints, especie, peso, sexo, shiny) values (162, '53724', 'Minun', 580, 'Feraligatr', 4.0, 'Macho', true);
insert into pokemon (idpokemon, codigoentrenador, nombre, combatpoints, especie, peso, sexo, shiny) values (163, '98341', 'Dedenne', 700, 'Abomasnow', 2.2, 'Hembra', false);
insert into pokemon (idpokemon, codigoentrenador, nombre, combatpoints, especie, peso, sexo, shiny) values (164, '08310', 'Morpeko', 750, 'Morpeko', 3.0, 'Macho', true);
insert into pokemon (idpokemon, codigoentrenador, nombre, combatpoints, especie, peso, sexo, shiny) values (165, '98341', 'Pachirisu', 650, 'Pikachu', 3.9, 'Hembra', false);

-- INSERCIONES ENFRENTAMIENTO(marcar estos torneos como de tipo pelea)
INSERT INTO Enfrentamiento (IdTorneo) VALUES
(1),
(2),
(3),
(4),
(5);

-- 4. INSERCIONES PELEA(peleas dentro de cada torneo)
-- Edición 1 (IdTorneo = 1)
INSERT INTO Pelea (IdPelea, IdParticipante, IdTorneo) VALUES
(1, 151, 1),
(2, 152, 1),
(3, 153, 1),
(4, 154, 1),
(5, 155, 1),
(6, 156, 1),
(7, 157, 1),
(8, 158, 1),
(9, 159, 1),
(10, 160, 1);

-- Edición 2 (IdTorneo = 2) 
INSERT INTO Pelea (IdPelea, IdParticipante, IdTorneo) VALUES
(11, 161, 2),
(12, 162, 2),
(13, 163, 2),
(14, 164, 2),
(15, 165, 2),
(16, 166, 2),
(17, 167, 2),
(18, 168, 2),
(19, 169, 2),
(20, 170, 2);

-- Edición 3 (IdTorneo = 3) 
INSERT INTO Pelea (IdPelea, IdParticipante, IdTorneo) VALUES
(21, 171, 3),
(22, 172, 3),
(23, 173, 3),
(24, 174, 3),
(25, 175, 3),
(26, 176, 3),
(27, 177, 3),
(28, 178, 3),
(29, 179, 3),
(30, 180, 3);

-- Edición 4 (IdTorneo = 4) 
INSERT INTO Pelea (IdPelea, IdParticipante, IdTorneo) VALUES
(31, 181, 4),
(32, 182, 4),
(33, 183, 4),
(34, 184, 4),
(35, 185, 4),
(36, 186, 4),
(37, 187, 4),
(38, 188, 4),
(39, 189, 4),
(40, 190, 4);

-- Edición 5 (IdTorneo = 5)
INSERT INTO Pelea (IdPelea, IdParticipante, IdTorneo) VALUES
(41, 191, 5),
(42, 192, 5),
(43, 193, 5),
(44, 194, 5),
(45, 195, 5),
(46, 196, 5),
(47, 197, 5),
(48, 198, 5),
(49, 199, 5),
(50, 200, 5),
(51, 201, 5),
(52, 202, 5),
(53, 203, 5),
(54, 204, 5),
(55, 205, 5),
(56, 206, 5),
(57, 207, 5),
(58, 208, 5),
(59, 209, 5),
(60, 210, 5);

-- INSERCIONES PELEAR
INSERT INTO Pelear (IdPersona, IdPelea) VALUES
-- Edición 1
(151, 1), (152, 1),
(153, 2), (154, 2),
(155, 3), (156, 3),
(157, 4), (158, 4),
(159, 5), (160, 5),
(161, 6), (162, 6),
(163, 7), (164, 7),
(165, 8), (166, 8),
(167, 9), (168, 9),
(169, 10), (170, 10),

-- Edición 2
(161, 11), (162, 11),
(163, 12), (164, 12),
(165, 13), (166, 13),
(167, 14), (168, 14),
(169, 15), (170, 15),
(171, 16), (172, 16),
(173, 17), (174, 17),
(175, 18), (176, 18),
(177, 19), (178, 19),
(179, 20), (180, 20),

-- Edición 3
(171, 21), (172, 21),
(173, 22), (174, 22),
(175, 23), (176, 23),
(177, 24), (178, 24),
(179, 25), (180, 25),
(181, 26), (182, 26),
(183, 27), (184, 27),
(185, 28), (186, 28),
(187, 29), (188, 29),
(189, 30), (190, 30),

-- Edición 4
(181, 31), (182, 31),
(183, 32), (184, 32),
(185, 33), (186, 33),
(187, 34), (188, 34),
(189, 35), (190, 35),
(191, 36), (192, 36),
(193, 37), (194, 37),
(195, 38), (196, 38),
(197, 39), (198, 39),
(199, 40), (200, 40),

-- Edición 5
(191, 41), (192, 41),
(193, 42), (194, 42),
(195, 43), (196, 43),
(197, 44), (198, 44),
(199, 45), (200, 45),
(201, 46), (202, 46),
(203, 47), (204, 47),
(205, 48), (206, 48),
(207, 49), (208, 49),
(209, 50), (210, 50);

-- INSERCIONES TORNEO DE CAPTURA (IdTorneo = 101)
insert into CapturaShiny (IdTorneo) values (101);
insert into Recorrido (IdTorneo) values (101);

insert into Recorrer (IdPersona, IdTorneo, Ubicacion, Distancia, Hora) values (211, 101, 'Biblioteca', 2.5, '10:00:00');
insert into Recorrer (IdPersona, IdTorneo, Ubicacion, Distancia, Hora) values (211, 101, 'Estadio', 1.3, '11:30:00');
insert into Recorrer (IdPersona, IdTorneo, Ubicacion, Distancia, Hora) values (211, 101, 'Cafeteria', 0.5, '14:00:00');
insert into Recorrer (IdPersona, IdTorneo, Ubicacion, Distancia, Hora) values (212, 101, 'Gimnasio', 5.1, '12:00:00');
insert into Recorrer (IdPersona, IdTorneo, Ubicacion, Distancia, Hora) values (212, 101, 'Rectoria', 1.5, '14:00:00');
insert into Recorrer (IdPersona, IdTorneo, Ubicacion, Distancia, Hora) values (212, 101, 'Islas', 0.3, '16:00:00');
insert into Recorrer (IdPersona, IdTorneo, Ubicacion, Distancia, Hora) values (213, 101, 'Rectoria', 1.2, '09:30:00');
insert into Recorrer (IdPersona, IdTorneo, Ubicacion, Distancia, Hora) values (213, 101, 'Biblioteca', 2.1, '11:00:00');
insert into Recorrer (IdPersona, IdTorneo, Ubicacion, Distancia, Hora) values (213, 101, 'Gimnasio', 0.9, '15:00:00');
insert into Recorrer (IdPersona, IdTorneo, Ubicacion, Distancia, Hora) values (215, 101, 'Gimnasio', 3.0, '10:15:00');
insert into Recorrer (IdPersona, IdTorneo, Ubicacion, Distancia, Hora) values (215, 101, 'Estadio', 1.8, '13:00:00');
insert into Recorrer (IdPersona, IdTorneo, Ubicacion, Distancia, Hora) values (220, 101, 'Cafeteria', 0.8, '12:00:00');
insert into Recorrer (IdPersona, IdTorneo, Ubicacion, Distancia, Hora) values (220, 101, 'Tienda', 0.4, '12:30:00');
insert into Recorrer (IdPersona, IdTorneo, Ubicacion, Distancia, Hora) values (225, 101, 'Tienda', 0.2, '14:30:00');
insert into Recorrer (IdPersona, IdTorneo, Ubicacion, Distancia, Hora) values (225, 101, 'Gimnasio', 2.2, '15:00:00');
insert into Recorrer (IdPersona, IdTorneo, Ubicacion, Distancia, Hora) values (240, 101, 'Biblioteca', 1.5, '16:00:00');
insert into Recorrer (IdPersona, IdTorneo, Ubicacion, Distancia, Hora) values (240, 101, 'Rectoria', 1.1, '18:00:00');
insert into Recorrer (IdPersona, IdTorneo, Ubicacion, Distancia, Hora) values (260, 101, 'Estadio', 4.5, '11:45:00');
insert into Recorrer (IdPersona, IdTorneo, Ubicacion, Distancia, Hora) values (260, 101, 'Cafeteria', 0.7, '17:00:00');
insert into Recorrer (IdPersona, IdTorneo, Ubicacion, Distancia, Hora) values (280, 101, 'Rectoria', 1.1, '10:45:00');
insert into Recorrer (IdPersona, IdTorneo, Ubicacion, Distancia, Hora) values (280, 101, 'Biblioteca', 1.9, '13:45:00');

insert into Capturar (IdPersona, IdPokemon, IdTorneo, FechaYHora) values (211, 94, 101, '2025-10-17 10:15:00');
insert into Capturar (IdPersona, IdPokemon, IdTorneo, FechaYHora) values (211, 111, 101, '2025-10-17 14:15:00');
insert into Capturar (IdPersona, IdPokemon, IdTorneo, FechaYHora) values (211, 150, 101, '2025-10-17 15:15:00');
insert into Capturar (IdPersona, IdPokemon, IdTorneo, FechaYHora) values (212, 37, 101, '2025-10-17 16:15:00');
insert into Capturar (IdPersona, IdPokemon, IdTorneo, FechaYHora) values (213, 3, 101, '2025-10-17 14:30:00');
insert into Capturar (IdPersona, IdPokemon, IdTorneo, FechaYHora) values (215, 13, 101, '2025-10-17 15:00:00');
insert into Capturar (IdPersona, IdPokemon, IdTorneo, FechaYHora) values (220, 20, 101, '2025-10-17 16:45:00');
insert into Capturar (IdPersona, IdPokemon, IdTorneo, FechaYHora) values (225, 30, 101, '2025-10-17 17:10:00');
insert into Capturar (IdPersona, IdPokemon, IdTorneo, FechaYHora) values (240, 40, 101, '2025-10-17 18:00:00');
insert into Capturar (IdPersona, IdPokemon, IdTorneo, FechaYHora) values (260, 50, 101, '2025-10-17 14:05:00');
insert into Capturar (IdPersona, IdPokemon, IdTorneo, FechaYHora) values (280, 60, 101, '2025-10-17 15:55:00');
insert into Capturar (IdPersona, IdPokemon, IdTorneo, FechaYHora) values (290, 77, 101, '2025-10-17 16:20:00');
insert into Capturar (IdPersona, IdPokemon, IdTorneo, FechaYHora) values (300, 88, 101, '2025-10-17 17:30:00');
insert into Capturar (IdPersona, IdPokemon, IdTorneo, FechaYHora) values (299, 97, 101, '2025-10-17 18:50:00');
insert into Capturar (IdPersona, IdPokemon, IdTorneo, FechaYHora) values (213, 116, 101, '2025-10-17 14:50:00');
insert into Capturar (IdPersona, IdPokemon, IdTorneo, FechaYHora) values (215, 126, 101, '2025-10-17 15:20:00');
insert into Capturar (IdPersona, IdPokemon, IdTorneo, FechaYHora) values (213, 6, 101, '2025-10-17 10:30:00');
insert into Capturar (IdPersona, IdPokemon, IdTorneo, FechaYHora) values (215, 7, 101, '2025-10-17 15:10:00');
insert into Capturar (IdPersona, IdPokemon, IdTorneo, FechaYHora) values (220, 15, 101, '2025-10-17 11:00:00');
insert into Capturar (IdPersona, IdPokemon, IdTorneo, FechaYHora) values (225, 8, 101, '2025-10-17 19:30:00');
insert into Capturar (IdPersona, IdPokemon, IdTorneo, FechaYHora) values (240, 25, 101, '2025-10-17 16:05:00');
insert into Capturar (IdPersona, IdPokemon, IdTorneo, FechaYHora) values (260, 26, 101, '2025-10-17 16:15:00');
insert into Capturar (IdPersona, IdPokemon, IdTorneo, FechaYHora) values (280, 92, 101, '2025-10-17 09:50:00');
insert into Capturar (IdPersona, IdPokemon, IdTorneo, FechaYHora) values (290, 42, 101, '2025-10-17 14:40:00');
insert into Capturar (IdPersona, IdPokemon, IdTorneo, FechaYHora) values (300, 100, 101, '2025-10-17 11:20:00');
insert into Capturar (IdPersona, IdPokemon, IdTorneo, FechaYHora) values (299, 115, 101, '2025-10-17 17:00:00');

-- Participaciones en torneos de tipo pelea (IdTorneo del 1 al 5)
INSERT INTO Participar (IdPersona, IdTorneo) VALUES
(151, 1), (152, 1), (153, 1), (154, 1), (155, 1), (156, 1), (157, 1), (158, 1), (159, 1), (160, 1),
(161, 2), (162, 2), (163, 2), (164, 2), (165, 2), (166, 2), (167, 2), (168, 2), (169, 2), (170, 2),
(171, 3), (172, 3), (173, 3), (174, 3), (175, 3), (176, 3), (177, 3), (178, 3), (179, 3), (180, 3),
(181, 4), (182, 4), (183, 4), (184, 4), (185, 4), (186, 4), (187, 4), (188, 4), (189, 4), (190, 4),
(191, 5), (192, 5), (193, 5), (194, 5), (195, 5), (196, 5), (197, 5), (198, 5), (199, 5), (200, 5),
(201, 5), (202, 5), (203, 5), (204, 5), (205, 5), (206, 5), (207, 5), (208, 5), (209, 5), (210, 5);

-- Participaciones en el torneo de tipo recorrido (IdTorneo = 6)
INSERT INTO Participar (IdPersona, IdTorneo) VALUES
(211, 101), (212, 101), (213, 101), (215, 101), (220, 101), (225, 101), (240, 101), (260, 101), (280, 101);
